user_id,user_segment,user_city,user_preferred_cuisine,user_veg_preference,user_price_sensitivity,user_order_frequency_30d,user_avg_order_value,user_recency_days,user_preferred_addon_category,user_addon_acceptance_rate
2342,mid,mumbai,chinese,0,0.797195508,3,439.0709693,4,drink,0.1251
1564,mid,hyderabad,chinese,1,0.496768436,8,589.9230602,29,dip,0.1032
3159,mid,chennai,south_indian,0,0.392278468,7,586.3487503,2,dip,0.118
1022,budget,bengaluru,north_indian,0,0.623820865,7,260.4252361,27,side,0.05
3883,premium,hyderabad,south_indian,1,0.522527148,10,550.0849386,4,starter,0.2986
496,mid,hyderabad,continental,1,0.36664601,7,601.4902039,9,bread,0.1658
863,mid,chennai,south_indian,0,0.467163497,4,1411.359736,5,dip,0.1411
1439,budget,pune,biryani,0,0.460017165,4,675.1447937,34,side,0.1437
2611,budget,bengaluru,chinese,1,0.613512188,2,700.6033443,22,dip,0.05
2281,budget,hyderabad,desserts,1,0.737508881,4,718.8233005,7,bread,0.091
468,mid,hyderabad,italian,0,0.436594586,9,246.1262796,3,dip,0.246
790,mid,bengaluru,chinese,0,0.543538775,11,1054.95818,2,bread,0.1897
1559,mid,mumbai,italian,1,0.05,8,624.7084256,33,side,0.1887
2207,budget,bengaluru,italian,0,0.659639515,4,1148.151961,6,dip,0.05
1265,premium,bengaluru,fast_food,0,0.435018801,10,344.5236123,29,starter,0.2292
3738,mid,mumbai,arabian,0,0.523870154,5,803.8931096,31,side,0.1615
230,budget,bengaluru,continental,0,0.05,4,611.1092631,2,bread,0.2227
3257,budget,bengaluru,biryani,0,0.668244335,8,742.0483816,11,bread,0.0894
1739,budget,delhi,italian,1,0.553245571,4,713.1837018,24,bread,0.05
3440,budget,bengaluru,arabian,1,0.585225271,5,248.2939188,6,side,0.0928
2013,mid,bengaluru,continental,0,0.581236501,3,159.9361113,2,drink,0.2093
3674,premium,delhi,italian,0,0.05,9,1003.652814,31,dessert,0.2914
3332,budget,chennai,continental,0,0.477584418,7,654.9374751,3,side,0.0982
3259,budget,chennai,desserts,0,0.36963067,5,485.0006442,2,bread,0.1367
274,mid,hyderabad,continental,0,0.446884644,3,555.9447892,4,dip,0.1807
3337,mid,delhi,continental,0,0.414200674,3,408.7657659,40,bread,0.1919
1304,mid,delhi,north_indian,1,0.484524401,10,896.5096776,33,bread,0.1608
1029,budget,bengaluru,chinese,1,0.466440876,9,580.4509243,2,dip,0.1131
2459,budget,delhi,south_indian,0,0.724035728,7,405.1257652,4,side,0.05
2613,budget,mumbai,fast_food,1,0.835154229,9,398.6231609,37,bread,0.0525
2278,mid,bengaluru,biryani,0,0.384803012,3,764.3725943,29,side,0.2132
1955,premium,kolkata,north_indian,0,0.215188078,8,366.5173717,37,dessert,0.3031
1514,budget,bengaluru,desserts,0,0.173024137,3,134.6933086,28,side,0.1664
425,budget,delhi,continental,1,0.95,4,475.2181556,25,side,0.05
3272,mid,mumbai,continental,1,0.76227469,4,380.5800004,6,dip,0.1064
694,mid,hyderabad,desserts,1,0.512750717,10,619.931045,35,bread,0.1266
402,mid,bengaluru,desserts,1,0.328013596,5,998.6141658,28,dip,0.1423
623,mid,mumbai,continental,0,0.577207712,4,735.3110763,8,side,0.1741
3240,budget,hyderabad,south_indian,0,0.805934969,5,311.3277051,24,dip,0.05
1305,budget,hyderabad,chinese,1,0.632586865,6,660.4824883,31,side,0.0774
775,budget,kolkata,north_indian,1,0.707265417,6,745.233022,36,side,0.0754
2049,mid,mumbai,north_indian,0,0.526069761,6,299.1907379,4,dip,0.1332
3899,budget,hyderabad,arabian,0,0.5956107,4,538.4704629,5,dip,0.0764
582,budget,chennai,chinese,0,0.509246623,7,571.8843286,2,dip,0.072
418,mid,chennai,italian,0,0.468103146,1,287.1629124,4,bread,0.1295
2778,mid,bengaluru,italian,0,0.429084706,10,1044.513244,10,drink,0.0989
3115,budget,hyderabad,chinese,1,0.489740079,6,871.8446595,3,side,0.1467
1306,mid,mumbai,fast_food,0,0.614676245,5,550.9305957,3,side,0.1245
3885,mid,bengaluru,continental,1,0.279336669,13,478.4764006,5,side,0.2185
3372,premium,delhi,south_indian,1,0.50425428,5,863.412785,37,drink,0.2777
1220,mid,mumbai,italian,1,0.458722205,8,243.1554302,6,bread,0.1979
2446,mid,bengaluru,north_indian,1,0.717298688,6,430.1458592,4,dip,0.1173
1651,mid,delhi,biryani,1,0.292462964,4,1064.701379,10,dip,0.2524
1159,premium,bengaluru,chinese,1,0.05,5,868.2308052,30,starter,0.3577
539,premium,bengaluru,desserts,1,0.372726836,4,381.1111353,36,dessert,0.2675
1772,budget,mumbai,chinese,0,0.236364099,4,1198.762311,5,dip,0.1342
1222,mid,bengaluru,arabian,0,0.684941217,5,639.3837467,41,dip,0.1359
3771,mid,bengaluru,north_indian,0,0.287075313,6,707.4757794,30,bread,0.2172
2827,budget,bengaluru,biryani,0,0.426636308,8,419.618474,10,side,0.05
2518,mid,hyderabad,desserts,0,0.441980008,4,429.1519228,3,drink,0.109
3006,mid,hyderabad,continental,0,0.52872563,9,932.3623702,6,dip,0.1607
2024,premium,chennai,south_indian,0,0.234056622,3,1400.466774,2,dessert,0.3543
1051,budget,mumbai,arabian,0,0.475293076,5,522.2876406,6,side,0.0548
3424,mid,delhi,continental,0,0.293507717,6,381.100369,2,side,0.0959
576,budget,mumbai,biryani,0,0.05,4,1589.079815,42,dip,0.0887
3396,mid,pune,desserts,0,0.683626267,9,459.9015605,3,dip,0.1176
594,premium,bengaluru,arabian,0,0.639459584,4,249.0977847,4,drink,0.2393
2799,budget,delhi,continental,1,0.807250288,1,465.9297217,23,dip,0.05
3066,premium,pune,fast_food,0,0.570765332,5,481.4314201,9,starter,0.232
780,premium,mumbai,biryani,0,0.572127893,5,551.175265,3,dessert,0.3061
444,budget,bengaluru,continental,0,0.5905493,4,1117.402571,2,side,0.1342
2963,mid,mumbai,desserts,1,0.725119372,6,230.2541812,5,side,0.1467
2350,budget,mumbai,south_indian,0,0.830144271,4,1398.915544,5,side,0.05
2065,mid,pune,south_indian,0,0.591901629,7,470.720667,22,bread,0.114
2883,mid,hyderabad,north_indian,1,0.86848627,8,1062.958604,7,dip,0.099
1930,budget,bengaluru,chinese,1,0.854473343,4,665.0018278,3,bread,0.05
1582,budget,chennai,chinese,0,0.735475103,4,601.5526301,3,dip,0.05
2638,budget,bengaluru,fast_food,0,0.410132308,4,561.2071558,19,side,0.1126
726,budget,hyderabad,desserts,0,0.477095657,7,349.6998228,6,bread,0.064
684,mid,kolkata,arabian,0,0.372383084,10,308.5084132,9,drink,0.1457
3631,budget,delhi,biryani,1,0.055320615,8,536.5106437,35,side,0.0737
1,premium,mumbai,fast_food,1,0.395647128,8,482.1734319,4,drink,0.2473
1148,budget,mumbai,fast_food,1,0.504704345,4,296.7699643,7,bread,0.1357
3836,mid,delhi,desserts,0,0.444841896,4,486.7350975,10,drink,0.1977
3003,mid,pune,continental,1,0.506704692,4,1155.51472,3,bread,0.1979
3398,mid,hyderabad,north_indian,0,0.517478416,6,705.114931,9,side,0.1578
997,mid,hyderabad,south_indian,0,0.661729709,6,179.6513444,7,dip,0.1594
1508,premium,bengaluru,desserts,1,0.512492025,5,895.6327696,5,drink,0.2813
291,mid,bengaluru,fast_food,0,0.290435376,6,607.8848754,4,bread,0.2217
276,mid,chennai,chinese,1,0.201744399,10,527.1630423,6,side,0.1915
2756,budget,chennai,biryani,1,0.514111998,3,555.5259655,22,dip,0.1081
3985,mid,delhi,fast_food,0,0.777390376,4,502.2455969,1,side,0.1549
1137,mid,hyderabad,arabian,0,0.502191458,4,694.9386254,6,side,0.1896
2297,budget,mumbai,continental,0,0.516387462,4,777.4089763,6,dip,0.1027
1416,mid,mumbai,north_indian,1,0.327244873,5,791.4483926,2,side,0.1844
2839,mid,bengaluru,arabian,0,0.456322157,7,573.4441898,9,dip,0.1587
2373,budget,delhi,desserts,0,0.315000749,6,744.0180172,6,bread,0.0814
928,premium,bengaluru,desserts,0,0.364451469,5,421.7508489,7,starter,0.2757
1015,premium,bengaluru,arabian,0,0.2812049,8,787.5737737,8,dessert,0.3422
999,mid,hyderabad,biryani,0,0.888855359,4,828.2891906,1,bread,0.1258
1424,budget,hyderabad,south_indian,0,0.212237474,9,819.5933571,4,side,0.1219
3135,budget,mumbai,biryani,0,0.564803125,2,385.5707889,32,dip,0.1556
1704,budget,chennai,continental,1,0.766171996,2,903.8342092,8,bread,0.05
1926,premium,hyderabad,continental,0,0.551308943,9,533.9457833,9,drink,0.2169
1790,budget,delhi,chinese,0,0.423012776,4,1804.223309,35,bread,0.1075
3809,mid,pune,arabian,0,0.413273552,5,582.7019695,34,dip,0.21
1077,budget,kolkata,chinese,0,0.728769726,4,850.9938169,6,dip,0.05
2673,mid,bengaluru,continental,0,0.709758896,7,275.1808713,5,bread,0.1521
3074,premium,delhi,north_indian,0,0.631431924,4,168.1403706,36,starter,0.3073
3600,mid,delhi,south_indian,0,0.341281781,4,409.7613464,11,drink,0.1392
3347,mid,mumbai,continental,1,0.398037435,9,417.3317508,5,side,0.1484
2106,budget,mumbai,south_indian,1,0.39322717,8,568.4756248,6,side,0.0574
1969,mid,chennai,italian,0,0.632778159,3,798.9882793,8,drink,0.1397
2568,premium,bengaluru,arabian,1,0.259593726,3,262.3022361,10,starter,0.2356
806,budget,hyderabad,south_indian,1,0.95,3,847.1204321,5,dip,0.05
1109,budget,bengaluru,biryani,0,0.859979643,8,1096.602005,3,bread,0.05
390,budget,pune,arabian,1,0.426770603,7,167.007421,4,side,0.1467
3264,budget,delhi,biryani,1,0.151055135,11,175.7421323,1,bread,0.113
1636,budget,mumbai,desserts,0,0.205998137,4,621.3746897,6,dip,0.0975
1019,mid,delhi,italian,0,0.343477378,7,399.7811251,7,drink,0.1403
1273,mid,hyderabad,chinese,0,0.138791277,6,713.994103,5,bread,0.2345
3599,budget,bengaluru,chinese,1,0.516230728,6,1267.068994,6,dip,0.0877
67,mid,chennai,arabian,0,0.470527774,8,579.5706146,6,dip,0.1163
1627,budget,mumbai,continental,1,0.652883231,8,543.6607995,8,dip,0.05
2966,mid,bengaluru,fast_food,0,0.761803072,7,1174.111079,4,bread,0.1815
2637,budget,mumbai,chinese,0,0.701700446,5,999.1682524,5,bread,0.05
1534,mid,pune,italian,0,0.706390751,7,1281.52032,4,drink,0.1149
1101,mid,bengaluru,south_indian,0,0.307779818,3,848.9573318,7,drink,0.1974
2914,premium,mumbai,chinese,0,0.555297774,4,924.1554348,9,dessert,0.2329
1224,premium,chennai,italian,0,0.534461879,0,500.2276376,2,dessert,0.2793
3593,budget,bengaluru,chinese,1,0.331670854,6,182.6188204,1,dip,0.103
3976,premium,hyderabad,north_indian,1,0.474566892,10,1269.303659,2,starter,0.2023
2176,budget,delhi,biryani,1,0.391531265,5,866.9822224,2,side,0.1365
2623,mid,hyderabad,italian,1,0.563086284,8,871.0735561,29,side,0.1104
489,budget,mumbai,desserts,0,0.646917198,3,415.965787,4,side,0.05
2218,mid,bengaluru,south_indian,1,0.318635831,7,284.5125166,31,dip,0.2161
2964,budget,hyderabad,fast_food,1,0.294019966,8,640.7698285,5,side,0.0817
1167,mid,delhi,fast_food,0,0.510210639,6,819.0728822,4,dip,0.1192
1108,budget,delhi,desserts,1,0.714461115,7,182.4777316,32,side,0.1016
2729,budget,hyderabad,fast_food,0,0.733742002,9,1375.393209,29,side,0.119
1699,mid,hyderabad,italian,0,0.238020409,5,593.0358905,6,drink,0.1473
3601,budget,bengaluru,italian,0,0.319259776,10,527.2598978,6,bread,0.188
666,mid,mumbai,fast_food,1,0.95,4,608.2648738,29,drink,0.1352
1912,mid,delhi,desserts,0,0.298751494,7,310.0583389,30,dip,0.16
2529,premium,bengaluru,italian,1,0.270681057,3,509.9589254,5,drink,0.3521
2798,mid,hyderabad,desserts,1,0.778307042,2,404.5260967,5,bread,0.0716
1418,mid,bengaluru,biryani,1,0.607827657,5,417.2510186,24,drink,0.1528
2150,budget,bengaluru,fast_food,1,0.321134413,6,263.2666019,1,dip,0.1266
1989,mid,bengaluru,biryani,0,0.804500762,4,440.6144872,3,dip,0.1187
2360,mid,hyderabad,fast_food,1,0.367561106,6,1049.304624,22,bread,0.1343
820,budget,hyderabad,biryani,0,0.490169739,3,815.1217939,3,bread,0.0941
1652,mid,bengaluru,biryani,0,0.393230869,6,668.3983261,4,bread,0.1493
490,budget,pune,italian,0,0.61113543,11,264.314991,6,bread,0.05
1531,premium,bengaluru,biryani,0,0.613476053,5,626.5157305,6,dessert,0.1672
2478,budget,hyderabad,arabian,1,0.674611704,3,354.3453796,4,bread,0.0686
1641,premium,pune,italian,0,0.809531522,4,410.869102,5,drink,0.228
1463,mid,bengaluru,arabian,1,0.256662373,3,2276.156975,5,bread,0.2128
3820,budget,hyderabad,north_indian,0,0.313529664,4,646.2883526,40,bread,0.1296
113,mid,delhi,continental,0,0.278352551,9,444.3323577,4,bread,0.2019
2684,mid,mumbai,biryani,0,0.532363837,4,1328.172334,5,side,0.1312
3967,mid,mumbai,desserts,0,0.558934541,3,562.3625431,7,side,0.1435
627,mid,delhi,continental,0,0.542806105,11,632.1724544,4,dip,0.1486
1553,premium,chennai,chinese,0,0.739067022,6,474.3331407,2,starter,0.2538
3944,budget,delhi,fast_food,0,0.503040071,9,962.1024559,1,dip,0.05
326,mid,bengaluru,fast_food,1,0.554124928,7,741.2928153,32,drink,0.1147
967,budget,bengaluru,desserts,0,0.356404547,6,535.6739025,6,side,0.1217
1450,budget,bengaluru,chinese,1,0.579037815,6,658.6493377,27,bread,0.0904
3413,budget,mumbai,north_indian,0,0.167658267,6,895.6329935,7,dip,0.1505
2353,mid,chennai,fast_food,0,0.306789449,7,387.3317031,4,dip,0.2093
85,premium,chennai,fast_food,0,0.95,8,435.5284824,3,starter,0.163
2736,mid,delhi,italian,0,0.341176583,4,889.468023,9,dip,0.2259
245,budget,delhi,arabian,0,0.481777377,2,803.8796479,33,bread,0.0749
3543,budget,delhi,chinese,0,0.209469213,4,550.4093726,8,side,0.05
3148,budget,hyderabad,desserts,1,0.72460975,11,365.0709947,26,side,0.05
748,budget,mumbai,fast_food,0,0.608438287,3,171.6779097,31,dip,0.0948
3265,premium,pune,italian,0,0.695991711,4,582.9171902,6,starter,0.248
766,budget,delhi,continental,0,0.95,6,761.5579683,6,side,0.05
3092,mid,delhi,biryani,1,0.605597188,2,634.6415518,29,bread,0.1708
2937,budget,hyderabad,north_indian,1,0.568325721,8,747.4772481,8,bread,0.0613
3106,mid,mumbai,fast_food,1,0.152733296,9,1055.856953,7,drink,0.2068
2877,budget,pune,fast_food,0,0.444249238,2,806.4209446,7,bread,0.0556
1155,mid,bengaluru,desserts,1,0.489589457,4,469.102788,7,bread,0.1064
671,premium,hyderabad,arabian,1,0.666067808,7,227.209401,4,dessert,0.2231
3114,mid,chennai,fast_food,1,0.618520379,3,766.0862156,5,bread,0.097
3858,mid,pune,biryani,0,0.338938456,4,1036.35433,3,dip,0.243
1631,mid,delhi,desserts,1,0.54203746,7,490.4959823,40,side,0.1092
1921,budget,mumbai,biryani,0,0.486306834,0,802.9842863,4,side,0.0905
551,budget,bengaluru,arabian,0,0.472448753,8,561.1687256,4,bread,0.1025
1618,mid,mumbai,arabian,0,0.469943774,12,839.6616799,36,side,0.1837
3345,mid,bengaluru,continental,1,0.335403978,3,493.5229091,2,bread,0.2024
1240,mid,mumbai,desserts,0,0.509077969,4,265.8220945,39,dip,0.1562
1278,mid,hyderabad,desserts,0,0.367359527,4,286.3832724,35,side,0.1763
3848,budget,delhi,desserts,1,0.423274789,4,381.5221586,4,bread,0.083
426,premium,hyderabad,chinese,0,0.431521454,5,437.2587428,6,starter,0.2232
3320,budget,pune,biryani,1,0.689114217,4,955.4499698,8,side,0.0539
2267,budget,delhi,north_indian,1,0.544269947,4,576.5693498,3,dip,0.0925
2873,mid,delhi,continental,1,0.504186347,7,544.6696329,4,dip,0.1621
607,budget,pune,desserts,0,0.514013196,8,437.7979437,6,side,0.0863
3427,premium,bengaluru,italian,1,0.05,9,260.1942363,35,dessert,0.3525
3008,mid,mumbai,arabian,1,0.489343849,6,1019.9837,7,dip,0.1195
2117,budget,bengaluru,arabian,1,0.4762802,3,244.292073,5,bread,0.1177
1577,budget,mumbai,desserts,1,0.05,7,509.4992274,34,bread,0.1136
3198,budget,delhi,continental,0,0.584868186,10,1358.012301,2,bread,0.0501
3659,premium,hyderabad,north_indian,1,0.66922858,6,1018.812924,12,dessert,0.1987
1458,mid,chennai,chinese,0,0.306921634,5,923.316304,40,dip,0.1666
908,premium,hyderabad,arabian,0,0.05,7,828.0796829,7,drink,0.3357
3582,mid,chennai,south_indian,0,0.390772048,5,1104.471715,8,bread,0.1681
507,mid,pune,arabian,1,0.51395025,7,1052.411758,38,bread,0.1864
756,mid,delhi,fast_food,1,0.712089175,5,632.0965921,2,dip,0.0829
2003,mid,mumbai,biryani,1,0.499224845,2,641.1410475,6,drink,0.157
2741,premium,mumbai,biryani,0,0.160014783,8,608.9006086,33,starter,0.3717
2318,budget,pune,italian,0,0.639213191,7,437.6868994,7,side,0.0531
1008,premium,mumbai,north_indian,1,0.400076582,5,816.1727918,5,dessert,0.1961
2262,premium,kolkata,continental,1,0.213262118,4,739.6906111,6,dessert,0.2726
1065,budget,hyderabad,arabian,0,0.727854649,5,289.9808799,29,bread,0.0702
1315,budget,mumbai,desserts,0,0.95,7,1247.675751,4,bread,0.0918
2408,mid,bengaluru,biryani,1,0.434654488,4,333.8932142,8,dip,0.1616
749,budget,bengaluru,italian,0,0.313270411,6,228.5588703,26,dip,0.1117
439,budget,mumbai,chinese,1,0.620494982,4,990.8651384,10,bread,0.0948
713,budget,mumbai,north_indian,0,0.618241203,3,888.062549,26,bread,0.0546
573,mid,pune,fast_food,1,0.343807272,6,1640.708199,30,dip,0.1217
700,mid,delhi,north_indian,1,0.194605739,5,963.8287678,4,bread,0.1719
3495,budget,hyderabad,arabian,0,0.409182603,4,888.0914108,23,dip,0.0612
2482,budget,delhi,fast_food,1,0.443344766,6,345.8556731,9,dip,0.0673
2920,premium,delhi,italian,1,0.513868218,3,485.9455557,36,dessert,0.2704
2927,mid,mumbai,italian,0,0.123020369,8,566.7169131,4,side,0.267
2929,mid,mumbai,north_indian,0,0.329041985,3,459.7414482,5,side,0.1498
2369,mid,chennai,arabian,1,0.226196095,3,1112.280315,1,bread,0.2193
1511,mid,delhi,biryani,0,0.470003139,5,1274.063623,5,dip,0.1394
2754,budget,bengaluru,biryani,1,0.568027133,9,445.3753385,32,dip,0.0815
2587,mid,bengaluru,arabian,1,0.608490159,6,386.1642579,5,side,0.1245
2770,mid,bengaluru,chinese,0,0.217189183,3,451.3178668,7,dip,0.1848
25,mid,chennai,south_indian,0,0.628206871,9,576.9308936,6,side,0.1683
1422,budget,delhi,chinese,0,0.739874902,2,662.6138188,4,dip,0.0914
59,budget,mumbai,arabian,1,0.333482982,7,1007.030882,8,side,0.132
2197,mid,hyderabad,biryani,0,0.520447535,8,368.6351688,4,bread,0.1086
1263,budget,delhi,italian,0,0.140906798,5,795.2754483,27,dip,0.0889
1374,budget,kolkata,biryani,0,0.05,1,1209.729081,35,side,0.1287
800,mid,mumbai,arabian,0,0.48044342,8,1115.522234,8,drink,0.2054
887,mid,delhi,north_indian,0,0.487235795,6,507.4263715,6,dip,0.1065
2070,budget,bengaluru,continental,1,0.362917789,5,436.8019105,38,side,0.1785
1864,premium,bengaluru,desserts,1,0.287128238,5,544.5158088,4,drink,0.2247
1239,mid,bengaluru,continental,1,0.723046236,4,199.1831614,6,dip,0.1727
2273,mid,delhi,south_indian,1,0.234836685,6,528.605829,34,dip,0.1456
3481,budget,chennai,south_indian,0,0.680538331,12,473.1513,2,side,0.0699
3231,budget,mumbai,chinese,1,0.339854081,5,594.5492617,5,dip,0.05
207,mid,chennai,italian,0,0.417384198,7,832.635157,4,drink,0.1523
32,mid,mumbai,chinese,0,0.555760186,6,1001.15608,2,dip,0.1949
1951,budget,delhi,italian,0,0.270412919,6,733.1968286,5,side,0.0919
1906,budget,mumbai,fast_food,0,0.659044963,7,1114.390404,4,dip,0.05
1426,mid,delhi,south_indian,1,0.364695459,6,273.4277497,3,dip,0.1278
1545,mid,mumbai,desserts,0,0.426675438,7,988.1628472,4,drink,0.241
946,mid,delhi,arabian,0,0.397789365,6,311.2329062,5,drink,0.1692
1765,mid,mumbai,italian,0,0.391615944,8,496.2138968,6,drink,0.2015
258,mid,chennai,north_indian,1,0.639599206,4,819.8456515,3,dip,0.1292
2923,premium,hyderabad,south_indian,1,0.172878728,4,492.4713919,3,dessert,0.3185
1728,premium,bengaluru,arabian,0,0.647362301,1,1332.239615,6,dessert,0.2237
3799,premium,chennai,fast_food,1,0.684508541,7,631.9291415,3,drink,0.2739
69,mid,bengaluru,biryani,0,0.538265086,5,314.0385805,3,side,0.2155
2989,budget,pune,north_indian,0,0.374267914,11,282.1875847,2,side,0.1482
1733,premium,pune,italian,0,0.606779632,9,210.2806369,11,dessert,0.2687
1795,budget,mumbai,fast_food,0,0.488326408,5,143.543554,3,side,0.072
1039,mid,hyderabad,north_indian,1,0.607922115,9,257.8176119,4,bread,0.1704
2500,mid,hyderabad,south_indian,0,0.802079392,7,837.8916656,3,side,0.1437
128,mid,delhi,north_indian,0,0.322991711,3,898.7493895,3,drink,0.162
1910,mid,mumbai,north_indian,0,0.653267663,4,682.1606705,6,side,0.0912
3702,mid,bengaluru,biryani,1,0.592732734,8,762.070476,6,side,0.156
1804,mid,pune,italian,0,0.05,8,399.3354665,5,bread,0.1458
1093,mid,delhi,chinese,0,0.429743854,4,379.4756685,5,dip,0.1603
524,budget,kolkata,south_indian,0,0.234677378,9,343.1564632,6,dip,0.1586
1250,budget,chennai,fast_food,1,0.582886498,5,803.9211015,2,side,0.05
1178,mid,chennai,fast_food,1,0.523908548,7,1285.495848,4,side,0.1738
351,premium,bengaluru,arabian,1,0.381157061,8,231.5073431,1,drink,0.3201
1399,budget,chennai,chinese,0,0.277904848,6,757.5215354,2,side,0.05
2440,mid,bengaluru,italian,0,0.592571085,5,385.6229381,31,side,0.1208
3700,mid,hyderabad,italian,1,0.443949357,7,339.5295714,42,dip,0.1894
1899,mid,bengaluru,fast_food,0,0.481637849,6,1156.702811,4,dip,0.113
1859,premium,delhi,continental,0,0.18565669,8,284.7726821,6,starter,0.3221
984,budget,mumbai,continental,0,0.825186509,10,444.3723049,1,dip,0.05
962,budget,kolkata,chinese,0,0.445314986,8,167.450952,3,bread,0.0914
2804,budget,bengaluru,north_indian,0,0.219686723,5,543.8943134,3,side,0.0507
3482,premium,mumbai,biryani,0,0.781019279,5,290.1694486,26,dessert,0.2838
3389,premium,bengaluru,italian,1,0.180223977,5,412.1868712,3,drink,0.2809
3974,mid,bengaluru,biryani,0,0.639971416,7,720.2897916,6,dip,0.2232
1771,mid,bengaluru,desserts,1,0.312034039,2,534.774805,31,drink,0.1544
2309,mid,bengaluru,italian,1,0.422967614,2,946.820718,40,bread,0.1346
2202,mid,pune,continental,1,0.426557399,4,343.4052943,23,bread,0.1435
2442,budget,pune,biryani,1,0.62699004,6,366.4851271,4,side,0.0589
1462,budget,chennai,fast_food,1,0.356313404,6,209.5768616,1,dip,0.1123
208,budget,delhi,continental,0,0.618240288,10,630.2117009,3,bread,0.05
2575,premium,chennai,arabian,0,0.591544634,6,299.5325491,5,dessert,0.3218
2153,mid,mumbai,chinese,1,0.609255779,3,597.6485298,34,dip,0.1534
1880,premium,bengaluru,north_indian,1,0.466752512,4,641.8183117,3,drink,0.2414
2682,mid,hyderabad,arabian,1,0.399921905,6,619.8199663,2,bread,0.1184
1782,budget,chennai,north_indian,1,0.63002369,7,316.9967,12,side,0.0551
823,budget,bengaluru,fast_food,1,0.238084753,8,559.1509041,3,bread,0.1059
2315,budget,hyderabad,italian,0,0.451924799,8,799.074247,3,dip,0.1025
3471,budget,chennai,fast_food,0,0.179356239,6,801.517272,4,dip,0.1633
2068,premium,delhi,fast_food,0,0.418109342,4,245.7192984,8,dessert,0.2108
738,budget,mumbai,arabian,0,0.531937084,5,1187.955274,5,side,0.1118
1195,mid,bengaluru,fast_food,0,0.191155555,5,787.5748528,5,dip,0.1418
3030,budget,bengaluru,continental,0,0.095412439,4,857.069449,29,side,0.0933
827,budget,delhi,arabian,1,0.405730479,7,877.3936327,6,side,0.1612
17,budget,chennai,north_indian,1,0.34429307,5,513.0759336,8,side,0.05
1104,budget,hyderabad,chinese,0,0.69788917,6,545.444931,7,dip,0.0677
3343,mid,kolkata,chinese,1,0.547991655,5,620.3516244,3,dip,0.2053
2421,budget,chennai,fast_food,0,0.732043543,8,1349.200111,5,bread,0.05
3056,mid,delhi,italian,0,0.488816197,9,428.921696,12,side,0.1774
3013,budget,delhi,north_indian,0,0.512583527,11,794.0572495,7,bread,0.0542
2374,budget,bengaluru,chinese,0,0.857303975,3,181.4443086,4,bread,0.05
1874,budget,bengaluru,biryani,0,0.745560814,5,700.2059394,34,side,0.0666
3707,budget,mumbai,north_indian,0,0.714017136,4,279.6396918,9,dip,0.0579
1097,budget,kolkata,continental,0,0.524127916,4,710.3127817,27,dip,0.0537
1608,premium,bengaluru,biryani,0,0.472401201,7,344.4278594,4,drink,0.2408
3048,premium,bengaluru,north_indian,1,0.788291168,8,1084.41224,27,dessert,0.252
3767,budget,mumbai,biryani,0,0.303177293,6,72.07468019,4,dip,0.1456
3204,mid,hyderabad,fast_food,1,0.420357247,8,349.2155705,27,dip,0.1191
97,premium,pune,arabian,0,0.635173685,4,548.2993299,5,starter,0.3267
1863,mid,delhi,arabian,0,0.860915797,4,340.4309034,5,bread,0.0894
3594,mid,delhi,arabian,1,0.726859518,5,351.1948348,4,dip,0.1706
2617,mid,bengaluru,north_indian,1,0.742568387,6,410.076834,30,dip,0.121
2287,budget,bengaluru,north_indian,1,0.405903063,9,361.7235462,26,bread,0.0893
182,budget,hyderabad,south_indian,0,0.411862013,11,693.9157426,5,bread,0.05
2635,budget,mumbai,south_indian,1,0.810488028,6,466.8114566,6,side,0.0673
3896,budget,pune,arabian,0,0.205106611,10,341.4496095,3,bread,0.1337
2291,premium,bengaluru,continental,0,0.601489654,3,897.8366324,5,drink,0.2817
31,budget,chennai,north_indian,1,0.289186245,4,560.3914126,20,bread,0.1324
144,mid,pune,chinese,1,0.05,5,97.41009536,6,bread,0.1624
2330,mid,hyderabad,fast_food,1,0.375437957,3,659.8911269,1,bread,0.1637
3565,premium,mumbai,arabian,0,0.637394676,10,205.4910548,30,dessert,0.2117
391,budget,mumbai,fast_food,1,0.525505219,5,453.5503192,4,dip,0.1051
3952,budget,delhi,south_indian,1,0.584550802,10,541.0984254,33,bread,0.05
1495,premium,mumbai,fast_food,0,0.586368459,5,321.131418,4,drink,0.2015
377,budget,delhi,arabian,1,0.554190037,10,707.3200064,7,bread,0.05
3244,mid,bengaluru,desserts,0,0.384447207,3,587.8015976,9,side,0.2354
48,budget,chennai,biryani,1,0.55160363,2,225.7491851,4,side,0.0979
1862,budget,bengaluru,north_indian,0,0.515852699,9,466.7103878,36,bread,0.0967
28,budget,kolkata,biryani,0,0.721549521,8,1119.526016,2,side,0.0728
3420,budget,mumbai,north_indian,1,0.95,4,464.4304015,34,dip,0.0831
3614,budget,bengaluru,fast_food,0,0.441746232,7,350.8055585,4,dip,0.0798
1522,budget,hyderabad,south_indian,1,0.575483106,5,394.2256666,33,side,0.064
821,budget,hyderabad,chinese,1,0.641886562,3,1527.227543,7,bread,0.118
1404,budget,delhi,fast_food,1,0.496654649,3,678.9935136,8,dip,0.054
1154,premium,chennai,fast_food,1,0.340202851,5,681.7959779,3,drink,0.3376
1954,budget,hyderabad,north_indian,1,0.572267513,10,1067.964389,39,bread,0.05
2960,mid,kolkata,south_indian,0,0.59596797,9,347.0036712,37,dip,0.2052
322,budget,bengaluru,south_indian,0,0.480294853,3,604.5636313,3,dip,0.1012
3291,budget,bengaluru,arabian,1,0.39042151,4,637.123918,5,bread,0.1732
925,mid,bengaluru,fast_food,1,0.544069726,3,87.66564146,4,bread,0.2017
1603,mid,mumbai,south_indian,0,0.467444903,7,597.8815639,37,side,0.1105
2256,mid,hyderabad,fast_food,0,0.05,3,505.521764,34,drink,0.2214
1844,premium,delhi,continental,1,0.738894974,7,561.9459048,12,dessert,0.2138
3887,mid,bengaluru,biryani,1,0.264028821,5,463.9282816,35,bread,0.1697
442,premium,kolkata,chinese,0,0.053361948,7,234.4868,9,drink,0.2653
271,budget,hyderabad,desserts,0,0.276016227,2,324.9569122,2,dip,0.1133
3662,mid,mumbai,south_indian,0,0.237827086,7,646.9272556,29,drink,0.1939
3043,premium,pune,north_indian,0,0.303610341,6,551.3226853,7,dessert,0.3275
2838,mid,delhi,italian,0,0.817010861,10,723.9121327,5,bread,0.1548
3269,mid,mumbai,north_indian,0,0.669754598,6,154.6181633,2,drink,0.1487
3705,mid,chennai,biryani,1,0.320091523,4,1435.093394,4,drink,0.1729
2311,mid,delhi,chinese,0,0.577666175,4,930.2447304,1,side,0.1674
1920,mid,chennai,italian,0,0.526289912,3,201.2795288,4,dip,0.1199
3909,budget,hyderabad,arabian,0,0.661781978,3,821.4427655,25,side,0.1252
2958,premium,chennai,desserts,1,0.514308705,3,525.7940581,4,drink,0.2852
1960,premium,mumbai,south_indian,1,0.562082345,6,163.540239,6,dessert,0.2449
2401,budget,chennai,north_indian,1,0.625238127,4,570.1979239,30,side,0.0766
1822,budget,chennai,italian,0,0.365482862,6,978.494335,6,side,0.0974
299,budget,delhi,north_indian,0,0.661796617,4,593.2214399,10,dip,0.1106
2472,budget,bengaluru,north_indian,0,0.206181862,3,1299.98641,3,side,0.0955
23,budget,pune,arabian,0,0.393203381,5,808.1259287,18,dip,0.1308
3729,budget,hyderabad,italian,0,0.595870757,3,651.1665364,31,side,0.0635
2271,premium,bengaluru,arabian,0,0.684472385,8,544.459336,3,drink,0.2773
1200,budget,bengaluru,arabian,1,0.642525703,6,338.0761056,3,bread,0.1016
3041,budget,chennai,biryani,0,0.495262688,6,670.3214942,36,bread,0.05
3948,budget,chennai,north_indian,1,0.564324382,9,565.9844592,34,dip,0.1394
279,budget,mumbai,north_indian,0,0.264985137,4,450.0713352,36,bread,0.0875
3968,mid,chennai,italian,0,0.393495844,5,447.1063767,3,bread,0.273
3583,premium,delhi,italian,1,0.577881084,8,244.570608,5,dessert,0.2578
2119,budget,mumbai,biryani,0,0.866521002,7,174.3266494,5,dip,0.05
254,mid,mumbai,fast_food,0,0.269177602,9,889.1457263,5,side,0.2027
3752,mid,hyderabad,continental,1,0.405997849,2,845.3737916,4,side,0.1803
265,budget,delhi,south_indian,0,0.357241261,7,460.7193919,1,side,0.05
2506,budget,chennai,continental,0,0.381425778,5,146.4677269,37,side,0.1183
1012,premium,hyderabad,south_indian,1,0.483963451,6,1119.96494,5,dessert,0.1963
2854,budget,pune,continental,1,0.449292032,3,356.3547371,22,side,0.1209
3145,mid,mumbai,desserts,0,0.590144408,4,824.494127,2,side,0.1441
3661,mid,mumbai,chinese,1,0.753698927,3,678.1887027,30,bread,0.172
3672,mid,hyderabad,chinese,0,0.397151871,5,159.4188447,3,bread,0.1208
934,mid,hyderabad,fast_food,0,0.44032666,3,624.7249876,34,side,0.1639
724,premium,chennai,fast_food,0,0.332989292,8,281.421221,6,dessert,0.2323
302,budget,chennai,chinese,0,0.504926073,4,951.558796,2,dip,0.12
3321,budget,hyderabad,biryani,1,0.301903225,5,474.0855451,5,dip,0.0962
824,mid,chennai,north_indian,0,0.494717825,8,471.9164882,28,side,0.1289
3655,budget,kolkata,fast_food,0,0.390705525,9,651.7270481,7,dip,0.05
1715,budget,pune,south_indian,0,0.108131009,5,545.2693172,37,side,0.1324
3867,premium,mumbai,italian,0,0.305949244,8,584.7211872,4,dessert,0.1987
1016,premium,mumbai,desserts,0,0.500278559,11,366.8294252,0,starter,0.2504
1615,budget,pune,north_indian,1,0.660820033,5,1051.053502,4,dip,0.05
3790,budget,hyderabad,desserts,0,0.492514535,7,538.0386821,2,bread,0.0762
1375,mid,hyderabad,south_indian,0,0.620972983,5,276.0275043,2,side,0.246
3352,mid,mumbai,biryani,0,0.241042989,5,315.2279987,5,drink,0.1881
1847,budget,pune,south_indian,1,0.87259951,6,1312.943033,8,dip,0.05
1052,budget,bengaluru,chinese,1,0.325266781,5,712.4465057,4,bread,0.0743
761,budget,chennai,fast_food,1,0.216368916,5,471.6549329,4,bread,0.1171
234,mid,hyderabad,south_indian,0,0.522591281,5,918.1292054,31,side,0.1883
1669,budget,kolkata,chinese,0,0.724780706,5,81.49474647,23,bread,0.0659
921,mid,mumbai,italian,1,0.401818613,5,225.8706212,21,side,0.1811
2030,mid,pune,north_indian,1,0.260974343,6,1496.011956,5,bread,0.188
1020,mid,bengaluru,desserts,1,0.348788248,5,572.6246863,24,drink,0.1988
1682,mid,mumbai,arabian,1,0.41816141,9,635.8368795,8,side,0.1654
743,mid,delhi,italian,0,0.536051732,8,387.0205995,7,bread,0.128
710,mid,bengaluru,chinese,0,0.587363304,8,525.1988253,34,dip,0.1839
2495,budget,delhi,italian,0,0.678184707,5,716.7063276,3,bread,0.05
3808,mid,hyderabad,chinese,1,0.623868076,7,585.5147102,21,bread,0.1386
117,mid,kolkata,fast_food,1,0.240924334,7,950.0564141,3,side,0.2317
226,budget,hyderabad,desserts,1,0.731967763,8,421.8535657,4,bread,0.0626
517,budget,mumbai,chinese,0,0.666937907,7,449.0135456,5,dip,0.0725
486,mid,hyderabad,north_indian,1,0.441732263,7,470.3518243,6,side,0.2239
114,budget,bengaluru,desserts,0,0.758615956,2,374.8100191,5,bread,0.05
3929,budget,mumbai,fast_food,0,0.490808598,4,286.4750816,32,bread,0.0933
2209,budget,chennai,south_indian,1,0.366986355,3,655.6171869,4,bread,0.05
2789,mid,delhi,chinese,0,0.131243331,8,566.1760207,4,drink,0.2026
2978,budget,chennai,north_indian,0,0.650760683,7,392.5961773,3,bread,0.0621
1063,mid,delhi,chinese,1,0.730675326,11,138.9073171,5,dip,0.1019
286,budget,bengaluru,italian,1,0.476263866,11,668.2541758,5,dip,0.0821
533,budget,chennai,arabian,0,0.524300355,1,529.1288749,8,bread,0.069
1327,mid,bengaluru,italian,0,0.274760971,6,791.5262726,4,drink,0.1936
2680,mid,hyderabad,chinese,0,0.418033413,8,131.8000907,35,drink,0.1822
2458,mid,delhi,continental,0,0.391579129,5,697.1206657,3,bread,0.1207
1356,mid,mumbai,north_indian,0,0.104982908,6,482.585813,5,bread,0.1789
3826,premium,hyderabad,biryani,1,0.614398839,3,400.3516241,7,dessert,0.2846
3116,premium,mumbai,chinese,0,0.459007843,6,680.3571257,6,dessert,0.2502
1751,mid,delhi,desserts,0,0.661130944,5,55.49219487,4,side,0.1399
438,mid,kolkata,desserts,1,0.351050981,9,317.1551841,3,bread,0.1444
2161,budget,delhi,continental,1,0.05,7,500.3636242,5,dip,0.05
959,premium,chennai,continental,0,0.488826246,8,883.6714035,6,drink,0.2977
1400,mid,mumbai,desserts,0,0.684571003,8,344.6207981,8,drink,0.1403
307,mid,bengaluru,arabian,1,0.642469885,6,589.3810761,7,dip,0.1824
166,mid,bengaluru,fast_food,1,0.740377995,8,199.3098527,35,dip,0.1251
822,budget,mumbai,continental,0,0.282653017,0,339.572168,2,side,0.0792
3196,premium,delhi,desserts,1,0.503223979,9,161.1098001,8,drink,0.2251
3123,mid,chennai,desserts,0,0.705294092,7,495.3139434,5,drink,0.1478
1025,budget,bengaluru,chinese,0,0.330097788,7,747.5511319,8,side,0.143
2073,budget,bengaluru,arabian,0,0.406862033,3,223.6327749,25,side,0.1385
1252,premium,chennai,north_indian,0,0.475482725,5,1320.691251,4,drink,0.2259
1362,premium,chennai,italian,0,0.635153196,3,320.12929,3,starter,0.2452
2653,mid,bengaluru,continental,0,0.617935825,4,333.8033542,6,drink,0.2387
3464,mid,bengaluru,fast_food,0,0.628660159,6,689.9598835,22,bread,0.1186
1497,budget,chennai,italian,1,0.155792948,5,706.5812632,4,bread,0.0836
565,mid,bengaluru,north_indian,0,0.821175793,4,632.9535677,2,drink,0.1345
1796,budget,hyderabad,continental,0,0.515320655,8,682.9489189,6,side,0.1125
3646,mid,hyderabad,italian,0,0.410356609,9,791.217285,5,side,0.1647
2532,mid,chennai,italian,1,0.398672126,6,749.2158536,7,drink,0.2058
2151,budget,mumbai,fast_food,1,0.517061472,10,528.6775814,5,dip,0.05
3989,mid,bengaluru,south_indian,0,0.527436161,10,381.9150226,26,bread,0.1993
1378,mid,delhi,north_indian,1,0.415560397,4,440.5532113,5,side,0.0548
3871,mid,hyderabad,continental,0,0.647558743,5,765.9029372,6,dip,0.1159
736,mid,pune,desserts,1,0.291924998,5,391.7611385,6,dip,0.1368
2344,premium,chennai,desserts,0,0.779910538,6,744.7512381,8,dessert,0.2352
561,budget,kolkata,fast_food,0,0.491556529,3,261.1971756,7,side,0.05
3970,budget,delhi,arabian,0,0.789244843,6,259.7907849,21,dip,0.05
2435,premium,delhi,fast_food,1,0.607520049,8,1234.179184,29,drink,0.2807
136,mid,mumbai,desserts,0,0.313668981,5,423.7612198,39,side,0.1526
2105,premium,bengaluru,fast_food,0,0.168713766,5,563.7707053,1,drink,0.3296
193,budget,mumbai,north_indian,0,0.28021084,5,299.7317202,29,bread,0.1119
1594,premium,bengaluru,chinese,0,0.737594414,6,697.7075225,35,drink,0.2226
1719,mid,chennai,south_indian,1,0.95,4,613.8399941,23,dip,0.1518
2513,budget,pune,arabian,0,0.400695475,8,438.719914,4,dip,0.0591
1629,budget,mumbai,south_indian,0,0.665116325,5,1314.295258,2,side,0.0648
2303,budget,bengaluru,arabian,1,0.307136014,6,1380.105314,4,side,0.139
1283,budget,hyderabad,fast_food,0,0.560717397,6,805.50456,8,side,0.0599
3490,mid,mumbai,biryani,0,0.425403664,5,530.273805,7,bread,0.1869
3608,budget,bengaluru,chinese,0,0.218494456,4,526.4076127,6,side,0.1948
1187,budget,mumbai,north_indian,1,0.607689349,9,798.3542367,34,bread,0.05
3640,budget,mumbai,italian,0,0.402154799,7,325.0038413,5,dip,0.0892
933,mid,pune,biryani,1,0.680652055,4,420.158118,35,drink,0.1136
3531,mid,hyderabad,italian,1,0.428577132,2,775.9998083,6,side,0.1494
1688,budget,chennai,biryani,1,0.08015254,5,542.2926112,5,bread,0.1223
642,mid,delhi,north_indian,0,0.596083457,6,218.415473,6,dip,0.154
638,budget,bengaluru,desserts,1,0.403169949,5,218.2311817,32,bread,0.0873
859,budget,hyderabad,south_indian,1,0.618765155,2,727.5491445,4,bread,0.05
3558,budget,delhi,biryani,0,0.566467187,5,1140.173005,3,bread,0.0605
1617,budget,chennai,north_indian,0,0.351628678,3,369.1037916,8,dip,0.0874
1085,mid,bengaluru,south_indian,0,0.358730405,1,693.9360355,5,side,0.2106
2027,mid,bengaluru,continental,0,0.422037789,5,243.0080296,3,bread,0.158
862,budget,pune,italian,0,0.626091837,4,149.7130669,32,dip,0.05
143,mid,mumbai,chinese,1,0.779790334,8,701.4081874,6,drink,0.05
1412,mid,kolkata,desserts,0,0.3565846,5,841.9228917,26,bread,0.2364
871,budget,chennai,biryani,0,0.29358293,4,465.5452088,3,dip,0.0618
604,budget,chennai,arabian,0,0.754791529,8,670.5279586,29,bread,0.05
549,mid,bengaluru,italian,1,0.46125499,6,498.6675381,4,bread,0.1736
1268,budget,mumbai,fast_food,1,0.483433046,4,861.0777429,4,dip,0.0651
461,budget,bengaluru,continental,0,0.052272644,6,1578.094475,4,bread,0.1912
3442,budget,mumbai,fast_food,1,0.604282565,6,386.6790651,6,side,0.05
1144,budget,chennai,chinese,0,0.521150179,6,516.4995243,4,side,0.05
1083,mid,bengaluru,chinese,1,0.431994325,6,767.4377481,34,side,0.2273
2608,mid,mumbai,biryani,1,0.355307592,7,269.7637291,5,drink,0.1339
2397,mid,hyderabad,continental,0,0.598064775,4,674.7790424,7,bread,0.1658
1538,budget,hyderabad,chinese,0,0.348871262,5,853.7790777,34,side,0.174
348,budget,mumbai,south_indian,1,0.574793063,2,471.0342773,7,bread,0.06
1557,mid,hyderabad,arabian,1,0.360336589,5,1502.436731,4,dip,0.1716
810,mid,chennai,chinese,0,0.388722513,5,590.7551962,6,side,0.1586
1141,mid,bengaluru,continental,1,0.314568289,13,516.2288702,34,drink,0.1598
70,mid,bengaluru,north_indian,1,0.723846161,8,1193.521083,0,bread,0.1442
1321,mid,delhi,chinese,1,0.595461629,8,395.3585892,2,dip,0.1228
3546,budget,bengaluru,biryani,1,0.654325884,5,495.8006704,6,dip,0.1099
1253,budget,bengaluru,south_indian,0,0.677246712,4,228.1871873,1,side,0.0953
1916,mid,mumbai,fast_food,0,0.754760128,6,517.1282637,3,dip,0.1154
2643,budget,chennai,south_indian,0,0.683901544,5,509.6072989,35,dip,0.05
1249,mid,delhi,continental,1,0.180548192,6,543.0838422,35,bread,0.2126
523,budget,chennai,italian,1,0.260063557,3,378.2303609,5,dip,0.0761
559,mid,chennai,biryani,1,0.751424302,6,341.9166073,5,side,0.1686
3623,premium,bengaluru,fast_food,1,0.707771867,7,598.961507,20,dessert,0.2899
2536,premium,hyderabad,biryani,0,0.737214417,10,906.4233828,33,dessert,0.1695
3110,premium,mumbai,italian,1,0.209070599,10,655.4864087,6,dessert,0.2576
3011,mid,bengaluru,fast_food,1,0.05,11,562.8727918,39,bread,0.1906
591,mid,chennai,fast_food,1,0.299671436,4,707.3454051,6,bread,0.2423
679,mid,bengaluru,south_indian,1,0.560885578,8,832.0675233,10,dip,0.1682
131,budget,chennai,desserts,0,0.95,3,380.5972427,23,dip,0.05
2629,mid,hyderabad,arabian,0,0.714151266,3,466.1794143,3,dip,0.1411
2022,premium,hyderabad,chinese,0,0.537377562,7,970.3984669,6,starter,0.2373
942,mid,bengaluru,south_indian,0,0.576928801,7,971.9407406,11,dip,0.1928
858,budget,bengaluru,biryani,0,0.516227585,6,343.3639672,6,dip,0.1344
295,mid,delhi,italian,0,0.605491885,5,879.7738178,25,bread,0.1341
456,budget,mumbai,desserts,1,0.95,8,313.1736911,27,bread,0.05
894,budget,bengaluru,south_indian,1,0.05,6,1308.753583,30,side,0.0859
1401,mid,chennai,desserts,1,0.617673375,8,411.6631026,3,dip,0.1724
3169,budget,bengaluru,biryani,1,0.405857596,7,450.8420022,4,side,0.1484
2658,mid,mumbai,biryani,0,0.302554196,2,573.0281064,3,side,0.2026
253,mid,hyderabad,arabian,0,0.547053677,3,280.7659448,4,bread,0.134
34,mid,mumbai,biryani,1,0.596555697,3,294.0905083,3,dip,0.1153
764,budget,pune,south_indian,0,0.725630556,3,469.4908263,27,side,0.05
3247,mid,mumbai,north_indian,0,0.251597665,5,357.028277,31,bread,0.2085
72,mid,hyderabad,biryani,0,0.551230077,10,322.9607982,32,drink,0.2269
3740,mid,bengaluru,continental,0,0.460756056,3,209.7074737,1,dip,0.0941
1773,budget,bengaluru,italian,0,0.77173487,6,310.3325764,30,bread,0.05
2709,mid,pune,italian,0,0.62467759,5,886.3521764,5,drink,0.1282
3654,budget,chennai,biryani,0,0.582293271,7,324.5049298,4,bread,0.05
835,premium,hyderabad,fast_food,0,0.531390325,4,1149.410505,6,drink,0.2509
3310,budget,mumbai,fast_food,0,0.325223592,2,817.804887,25,dip,0.1105
176,mid,delhi,biryani,0,0.324974522,3,439.7123325,4,dip,0.1366
982,budget,mumbai,continental,0,0.404991846,6,573.200974,5,bread,0.134
1764,mid,delhi,desserts,0,0.528595868,5,252.7934865,8,drink,0.1113
2437,mid,bengaluru,south_indian,1,0.627364194,6,443.2834008,5,bread,0.1588
3950,premium,bengaluru,italian,0,0.698276735,6,1195.765325,8,dessert,0.2044
1931,budget,chennai,continental,0,0.479365998,4,658.91365,4,bread,0.1391
1558,mid,chennai,chinese,0,0.456188969,6,695.0637532,3,drink,0.1626
1901,budget,mumbai,biryani,1,0.523385837,5,777.912958,4,bread,0.0742
1491,budget,bengaluru,fast_food,0,0.448317019,3,326.2303006,28,bread,0.0887
505,budget,mumbai,fast_food,0,0.441342871,7,433.7013144,29,dip,0.0904
3921,mid,chennai,continental,0,0.66453677,4,726.7684962,32,dip,0.05
2321,mid,hyderabad,italian,0,0.712554149,6,773.3054731,6,drink,0.1786
667,budget,bengaluru,arabian,1,0.611249364,9,278.7696139,32,dip,0.05
3319,premium,chennai,biryani,1,0.701893472,5,668.7123916,5,dessert,0.2008
3710,budget,bengaluru,italian,1,0.600190335,8,400.3223311,27,side,0.112
2461,mid,delhi,biryani,1,0.433273051,3,660.2909598,6,dip,0.1728
1696,budget,mumbai,north_indian,0,0.651265719,7,386.8554049,6,side,0.0986
580,premium,kolkata,continental,1,0.354800406,7,304.0424626,6,dessert,0.2743
2415,budget,delhi,italian,0,0.565781157,7,1046.803765,6,side,0.05
2728,premium,bengaluru,desserts,0,0.812449248,7,305.4000918,4,drink,0.2224
363,mid,chennai,arabian,0,0.5488026,9,561.0290769,6,bread,0.1413
1368,mid,chennai,desserts,0,0.603110613,6,340.6919577,5,bread,0.1246
1481,budget,hyderabad,italian,0,0.192470276,9,140.4569207,6,side,0.0611
720,mid,mumbai,fast_food,0,0.16129994,6,249.3456374,7,bread,0.1874
3436,budget,hyderabad,south_indian,0,0.374978649,6,698.9312806,4,dip,0.0739
3964,mid,pune,south_indian,0,0.308926446,7,331.0238442,7,drink,0.2023
3357,budget,hyderabad,desserts,1,0.289482842,9,369.7321961,7,side,0.0757
1943,premium,hyderabad,desserts,0,0.709647572,9,404.997806,5,dessert,0.231
1787,mid,delhi,south_indian,0,0.680074705,5,770.0762351,3,bread,0.1055
1831,mid,pune,desserts,0,0.474531822,7,286.9478796,26,dip,0.1278
1210,budget,mumbai,north_indian,0,0.359176245,7,358.9383735,26,bread,0.1333
3498,budget,delhi,biryani,1,0.536094819,1,673.2551783,6,bread,0.1149
2814,budget,bengaluru,south_indian,0,0.547297642,4,322.8386774,0,side,0.0787
3912,budget,bengaluru,north_indian,1,0.362502991,7,728.094583,37,side,0.1382
75,premium,delhi,continental,0,0.679247105,5,258.3362488,2,drink,0.2484
3286,budget,mumbai,south_indian,1,0.685970309,3,798.3656185,1,dip,0.0626
1409,budget,hyderabad,italian,0,0.670345847,4,213.4435496,2,bread,0.05
2078,mid,delhi,arabian,0,0.660022469,6,756.8473856,10,dip,0.1795
3441,mid,chennai,chinese,0,0.428913741,1,753.3414265,5,dip,0.1028
149,mid,mumbai,continental,0,0.565523098,5,276.2589083,3,dip,0.1954
2071,budget,bengaluru,desserts,1,0.766377586,2,359.2853642,7,side,0.1212
3924,mid,kolkata,desserts,1,0.567459791,6,137.3813261,7,dip,0.1206
1889,mid,bengaluru,desserts,1,0.69461683,8,622.3970039,3,drink,0.1046
577,budget,hyderabad,south_indian,1,0.608995028,6,255.1734243,2,bread,0.05
832,mid,bengaluru,desserts,0,0.16223701,5,1140.081508,3,bread,0.2326
625,budget,bengaluru,fast_food,0,0.612829427,9,387.4835166,7,side,0.05
3256,budget,mumbai,continental,0,0.424303146,3,473.1386426,4,dip,0.05
2665,mid,mumbai,north_indian,1,0.751392327,7,970.7065578,25,side,0.1135
2188,budget,bengaluru,continental,0,0.705543112,2,461.6256614,5,side,0.0898
3014,mid,delhi,biryani,0,0.539087527,12,704.2105313,1,dip,0.1495
1535,budget,pune,arabian,0,0.392697988,3,655.855257,3,bread,0.05
2577,premium,bengaluru,south_indian,1,0.425510039,3,506.9251402,25,starter,0.3029
79,budget,delhi,italian,0,0.439985116,8,444.9425251,31,dip,0.0838
1205,mid,chennai,biryani,1,0.775922701,8,281.1575417,4,bread,0.108
3185,budget,bengaluru,fast_food,1,0.362509801,5,314.4417529,5,dip,0.05
3856,budget,hyderabad,desserts,0,0.664262407,8,871.8101702,18,bread,0.05
2211,mid,delhi,desserts,0,0.459451388,7,245.589061,6,bread,0.0957
3207,budget,hyderabad,arabian,0,0.306085909,4,428.0212019,6,bread,0.0569
2971,mid,delhi,italian,1,0.944814111,5,408.9979698,2,bread,0.1002
340,mid,bengaluru,desserts,0,0.457609564,5,612.409118,7,dip,0.1788
2493,mid,hyderabad,biryani,0,0.170391865,2,835.6138306,28,dip,0.2292
787,premium,pune,fast_food,0,0.441936703,4,403.2487254,2,dessert,0.2042
951,mid,chennai,biryani,0,0.693991767,4,156.8151878,4,dip,0.1335
1143,budget,mumbai,biryani,1,0.541005271,5,849.3448104,31,bread,0.1007
1928,budget,mumbai,chinese,0,0.49177822,10,320.0964505,8,dip,0.0962
1635,mid,mumbai,north_indian,0,0.901442618,5,806.655569,3,bread,0.0971
1598,budget,bengaluru,fast_food,0,0.28871416,7,335.7622285,27,side,0.1051
2481,mid,chennai,arabian,0,0.456251502,9,455.447285,5,dip,0.1117
405,premium,mumbai,italian,0,0.894976142,4,414.7189026,24,starter,0.2464
1267,budget,pune,desserts,1,0.284533683,6,374.1258704,32,dip,0.0829
2976,budget,delhi,desserts,0,0.715028042,8,335.0875251,4,bread,0.0569
1455,mid,bengaluru,chinese,0,0.378804653,7,1122.630306,5,drink,0.2055
3863,mid,bengaluru,chinese,1,0.939389061,8,1087.160711,7,bread,0.1401
16,budget,mumbai,arabian,0,0.258092274,4,880.8729642,6,dip,0.1325
1860,mid,delhi,chinese,0,0.807928641,11,313.1451559,7,side,0.0873
786,budget,bengaluru,italian,1,0.422682828,7,517.0148097,30,dip,0.0858
2036,budget,bengaluru,south_indian,0,0.454656357,8,568.1357621,33,bread,0.05
2824,mid,chennai,arabian,0,0.316528142,6,317.134839,30,bread,0.2301
2186,mid,mumbai,chinese,0,0.571361442,5,372.84793,25,drink,0.1072
2743,mid,bengaluru,north_indian,0,0.310730894,7,429.4903468,37,bread,0.1215
2881,mid,mumbai,biryani,0,0.649368807,4,648.5845449,4,bread,0.2149
601,mid,bengaluru,arabian,0,0.759901829,6,821.7346719,28,dip,0.1884
3618,budget,delhi,desserts,0,0.628876264,6,605.5157119,6,bread,0.0836
2548,mid,hyderabad,fast_food,0,0.54394743,7,1225.757167,5,side,0.2179
3861,budget,hyderabad,italian,1,0.394002334,5,810.0803837,4,dip,0.1638
53,mid,hyderabad,desserts,1,0.326213507,7,448.94259,2,dip,0.186
3773,budget,mumbai,fast_food,0,0.387100617,6,1134.198524,32,dip,0.0971
1387,mid,kolkata,continental,0,0.458640855,8,871.9230838,3,drink,0.1317
2215,budget,bengaluru,continental,1,0.351726199,2,552.6944192,2,dip,0.1214
172,budget,hyderabad,north_indian,0,0.256538269,8,332.0447223,6,dip,0.1083
600,mid,bengaluru,south_indian,0,0.767524301,6,527.0637897,5,side,0.1211
1745,mid,chennai,fast_food,0,0.292654986,4,311.6327693,4,dip,0.1497
212,budget,mumbai,desserts,1,0.311572691,6,412.2957341,2,dip,0.0917
1146,budget,hyderabad,continental,0,0.809398047,4,918.2664556,6,bread,0.05
3031,premium,chennai,chinese,1,0.523411225,9,257.4814196,10,dessert,0.2564
1780,premium,mumbai,continental,0,0.758998643,8,1405.439186,4,drink,0.1956
3528,mid,bengaluru,desserts,1,0.588397637,2,516.5346543,29,side,0.145
2546,mid,delhi,fast_food,0,0.80695648,6,1113.477355,37,drink,0.144
2363,premium,hyderabad,desserts,0,0.374780191,3,623.8248392,29,drink,0.2633
1288,mid,kolkata,continental,0,0.553460531,6,448.5793957,3,bread,0.153
1983,budget,bengaluru,biryani,0,0.555598811,10,694.2971254,4,side,0.05
3243,budget,mumbai,desserts,0,0.723699266,5,835.4778992,0,side,0.05
2993,premium,mumbai,south_indian,0,0.413335562,5,940.1334638,3,drink,0.2794
2567,mid,chennai,south_indian,1,0.512304719,7,544.3951125,6,dip,0.1547
816,budget,chennai,italian,1,0.669676865,10,319.0514569,44,dip,0.0967
745,premium,mumbai,desserts,0,0.179140782,8,153.7843404,5,starter,0.3037
3318,mid,mumbai,arabian,1,0.345823714,6,334.9252382,5,side,0.1623
1755,premium,chennai,biryani,1,0.44317794,4,724.8267615,6,dessert,0.3308
3588,mid,mumbai,fast_food,1,0.346903161,5,396.4952178,32,drink,0.1975
1752,premium,delhi,italian,1,0.625451096,6,248.343506,27,dessert,0.2963
2181,budget,mumbai,continental,0,0.529721842,13,332.774256,32,side,0.0623
1116,mid,hyderabad,biryani,0,0.680112517,7,493.2027511,6,bread,0.191
3025,budget,mumbai,desserts,0,0.18884411,6,685.0301389,2,dip,0.136
429,mid,mumbai,italian,0,0.631651369,3,1258.87811,34,drink,0.1784
2708,budget,bengaluru,desserts,1,0.833392999,1,646.9805092,4,side,0.0912
755,budget,mumbai,italian,1,0.355367305,9,1295.207641,8,side,0.0651
242,mid,bengaluru,italian,0,0.515878532,3,839.8738436,3,drink,0.1718
248,premium,hyderabad,continental,1,0.47706204,2,473.4298115,9,dessert,0.3037
2847,mid,chennai,continental,1,0.17239461,3,356.2168423,8,dip,0.1979
3228,mid,bengaluru,italian,1,0.451991391,5,530.3401702,4,drink,0.1452
715,premium,bengaluru,biryani,0,0.233154377,8,350.0634352,3,starter,0.29
1539,mid,hyderabad,arabian,1,0.361106696,8,657.049204,4,drink,0.1396
1896,budget,bengaluru,south_indian,0,0.639520114,4,254.6266955,3,dip,0.05
2641,mid,kolkata,south_indian,0,0.497243039,10,142.3755352,30,dip,0.0715
3865,budget,kolkata,desserts,0,0.846878682,9,754.7875972,3,side,0.0797
415,premium,pune,fast_food,0,0.131503989,5,543.7752284,5,drink,0.3696
3990,mid,hyderabad,chinese,1,0.421901912,5,233.6709712,30,drink,0.1693
3108,premium,hyderabad,fast_food,0,0.336173453,4,712.9376031,1,dessert,0.3116
1748,premium,pune,north_indian,1,0.454148455,7,931.6242996,6,drink,0.3093
3698,budget,bengaluru,fast_food,1,0.43757392,8,568.6016736,7,bread,0.0524
1658,mid,mumbai,continental,0,0.623987392,8,1023.509919,4,bread,0.2354
991,premium,pune,chinese,1,0.40811065,7,478.9123599,29,drink,0.2879
3022,mid,delhi,arabian,0,0.441715783,4,661.4819065,6,bread,0.2199
1604,budget,chennai,italian,1,0.546320978,3,490.1523355,4,bread,0.05
449,budget,delhi,biryani,0,0.344177033,1,385.0999583,1,bread,0.0819
3126,premium,bengaluru,fast_food,0,0.488236085,1,522.5688852,7,drink,0.2315
1710,mid,hyderabad,desserts,1,0.694500705,1,707.0681836,23,side,0.1512
2015,mid,chennai,italian,0,0.56880934,5,1266.59015,5,drink,0.1922
1433,mid,delhi,south_indian,0,0.752934879,7,403.5664461,7,side,0.1252
632,premium,mumbai,fast_food,1,0.271971079,5,241.1309741,4,drink,0.3068
3777,budget,mumbai,arabian,0,0.577105316,5,353.9712187,8,side,0.0706
772,budget,pune,arabian,0,0.867847259,2,570.596652,6,side,0.05
319,budget,mumbai,desserts,0,0.701649794,2,469.2334426,30,bread,0.05
2063,budget,bengaluru,italian,0,0.853023916,9,282.727108,5,side,0.05
3796,premium,bengaluru,continental,1,0.390099404,2,307.4483436,2,dessert,0.2455
2910,mid,delhi,fast_food,1,0.760144765,5,536.4013581,2,drink,0.1224
937,budget,delhi,continental,0,0.536788129,6,415.2944217,6,side,0.1383
1318,budget,pune,south_indian,0,0.602178623,12,607.2204886,4,bread,0.0865
3139,budget,delhi,arabian,1,0.537783457,6,723.7571091,6,dip,0.1416
1548,mid,delhi,chinese,0,0.649507765,4,490.5482448,6,side,0.2025
2837,budget,bengaluru,fast_food,0,0.569369152,7,939.9339456,4,side,0.06
2867,mid,hyderabad,fast_food,1,0.754465544,12,1112.750368,3,drink,0.1482
610,premium,mumbai,arabian,1,0.342505468,5,949.7953743,3,dessert,0.2374
60,premium,mumbai,north_indian,0,0.37672857,4,342.1900812,5,dessert,0.2907
876,mid,hyderabad,chinese,0,0.605359061,8,407.672614,5,side,0.1688
2212,mid,delhi,fast_food,0,0.493287477,6,143.9645955,29,dip,0.2326
331,mid,mumbai,biryani,1,0.489998663,11,645.4536953,7,drink,0.2432
3201,mid,delhi,italian,0,0.710119011,14,630.5794818,32,drink,0.1071
2079,budget,chennai,chinese,0,0.51320201,3,1499.063693,4,dip,0.058
885,mid,chennai,chinese,0,0.34971233,2,237.1728312,6,bread,0.134
3388,mid,delhi,italian,1,0.561586153,3,1457.989523,4,dip,0.2039
965,premium,bengaluru,desserts,0,0.167592997,6,429.3246388,4,starter,0.276
3522,budget,delhi,desserts,0,0.534072546,9,1094.610561,3,dip,0.05
238,mid,hyderabad,italian,0,0.540691119,4,276.9096488,6,bread,0.1727
825,mid,delhi,desserts,0,0.417407143,8,635.5803832,3,dip,0.0912
3205,mid,delhi,italian,0,0.283353663,4,841.634404,3,bread,0.1572
1468,mid,mumbai,fast_food,0,0.472795551,8,353.3888543,6,side,0.2288
3446,premium,kolkata,south_indian,0,0.886317981,9,295.3366122,6,starter,0.1937
963,mid,bengaluru,north_indian,0,0.5890347,6,611.7673078,5,dip,0.1635
1423,mid,mumbai,north_indian,0,0.427640445,10,694.6022997,7,dip,0.147
1575,budget,pune,biryani,0,0.505432909,7,934.0146189,3,bread,0.0654
3797,mid,hyderabad,chinese,1,0.604317061,7,763.8820612,25,drink,0.16
1565,budget,bengaluru,continental,0,0.717566925,6,735.6588586,3,bread,0.05
2515,budget,hyderabad,north_indian,0,0.425676406,3,247.2190433,30,dip,0.05
2815,mid,chennai,italian,0,0.374923585,6,554.6157984,6,dip,0.1782
1244,budget,hyderabad,south_indian,1,0.47964034,8,383.3601637,1,side,0.0943
3687,premium,hyderabad,continental,0,0.574153482,3,331.1041427,32,drink,0.2262
1957,mid,bengaluru,south_indian,1,0.127802542,8,764.4734648,6,bread,0.2411
2362,mid,mumbai,desserts,1,0.620322424,6,477.9848057,3,bread,0.119
1566,budget,delhi,south_indian,0,0.353003892,9,311.7123669,4,bread,0.1391
2905,budget,chennai,biryani,0,0.805444392,5,290.9248203,11,bread,0.0546
3996,budget,hyderabad,arabian,0,0.610321754,8,809.6271936,6,bread,0.1357
2874,budget,pune,fast_food,0,0.323593058,12,215.1966152,3,side,0.1113
3660,budget,delhi,chinese,0,0.811389971,6,317.3450625,6,side,0.05
1639,mid,hyderabad,desserts,0,0.447536375,3,843.440834,10,drink,0.1839
2737,mid,mumbai,italian,1,0.476020542,5,153.5086014,3,drink,0.11
651,mid,pune,north_indian,1,0.72192889,2,432.5287182,31,dip,0.1154
3552,mid,bengaluru,biryani,0,0.561560085,3,313.9420598,5,dip,0.2102
1649,budget,mumbai,biryani,1,0.15310381,9,692.0296409,31,dip,0.0976
2787,budget,pune,fast_food,0,0.673017356,5,626.3948632,6,bread,0.05
500,budget,mumbai,south_indian,0,0.44781413,3,1116.558754,5,dip,0.0791
495,budget,hyderabad,italian,0,0.190694476,6,694.7065018,3,bread,0.1181
2158,budget,hyderabad,south_indian,0,0.573177878,5,263.8656801,6,side,0.0969
2690,mid,pune,north_indian,0,0.402828046,8,964.4005913,32,drink,0.2288
385,premium,hyderabad,chinese,1,0.599661192,10,488.8440988,28,dessert,0.1664
911,mid,hyderabad,continental,1,0.422503011,6,501.3952495,31,drink,0.1454
222,mid,hyderabad,biryani,1,0.507879585,11,533.1487834,12,dip,0.1541
2776,mid,bengaluru,italian,1,0.568253753,7,447.9674256,9,side,0.1054
1337,budget,chennai,south_indian,0,0.171191813,2,779.1168744,4,side,0.1787
3177,budget,chennai,north_indian,1,0.432731454,4,530.5293285,7,bread,0.05
3080,premium,bengaluru,italian,1,0.515642358,4,444.4101084,4,drink,0.2294
922,mid,chennai,biryani,0,0.387943193,3,955.5208238,7,bread,0.1339
2076,budget,bengaluru,south_indian,0,0.597926388,9,713.6195856,20,dip,0.134
910,premium,chennai,fast_food,0,0.200080453,5,144.3583062,31,dessert,0.2871
566,mid,bengaluru,desserts,0,0.315925381,7,560.45655,28,bread,0.1646
2061,budget,delhi,italian,0,0.414324393,5,348.8329475,5,side,0.1714
3032,budget,mumbai,desserts,0,0.315376352,9,655.5770771,3,side,0.05
66,mid,chennai,north_indian,1,0.778173194,4,329.7697825,4,drink,0.107
1505,budget,chennai,desserts,0,0.429526212,4,145.8044255,1,bread,0.1429
246,budget,kolkata,south_indian,1,0.419324764,8,563.8121313,11,side,0.0895
1452,mid,bengaluru,continental,1,0.445316143,10,206.2781026,32,dip,0.0617
1103,mid,mumbai,arabian,0,0.482053417,5,384.0457479,33,drink,0.1569
228,mid,bengaluru,desserts,0,0.539234205,4,721.9972925,5,drink,0.174
497,premium,mumbai,south_indian,0,0.582256414,7,345.1468923,10,drink,0.1953
1619,mid,mumbai,fast_food,0,0.450789458,4,516.977383,6,bread,0.1716
413,mid,bengaluru,south_indian,0,0.594371165,4,479.5333655,20,side,0.1046
1269,premium,mumbai,desserts,1,0.678687481,6,548.4469165,8,dessert,0.2872
3704,mid,mumbai,arabian,1,0.521342702,5,208.0199333,3,side,0.1362
3248,mid,delhi,north_indian,0,0.818995581,8,912.143724,29,side,0.0976
2338,budget,hyderabad,north_indian,0,0.95,9,334.0829014,7,side,0.05
78,budget,hyderabad,chinese,0,0.582126404,3,452.0329197,3,side,0.0635
1324,budget,hyderabad,north_indian,1,0.238336849,6,544.93117,4,dip,0.1624
954,budget,delhi,biryani,1,0.225505074,3,131.6567191,39,bread,0.1471
1550,premium,chennai,fast_food,0,0.322872817,2,370.9332477,7,drink,0.1418
3761,mid,bengaluru,biryani,0,0.400504177,6,322.4318853,8,bread,0.1858
678,premium,hyderabad,biryani,1,0.089935194,3,307.63574,4,dessert,0.3568
2732,budget,chennai,italian,1,0.523752227,8,612.48507,8,bread,0.1079
3539,mid,mumbai,desserts,1,0.288276934,6,1066.83844,9,side,0.1354
1381,mid,pune,chinese,0,0.722656166,5,272.2682884,5,side,0.0992
2252,budget,hyderabad,fast_food,1,0.247463127,2,406.9978883,5,dip,0.1407
1176,budget,delhi,desserts,1,0.693776114,7,783.681624,4,dip,0.1034
1966,premium,hyderabad,chinese,0,0.610449041,4,818.89937,4,starter,0.2004
3141,premium,pune,italian,0,0.879360165,1,474.4011274,1,dessert,0.264
2377,mid,hyderabad,south_indian,0,0.543342372,6,788.1196564,4,bread,0.1642
1693,budget,mumbai,italian,0,0.15883062,8,886.3109015,9,side,0.1141
441,budget,hyderabad,arabian,0,0.698805772,3,398.7703259,2,bread,0.0585
3180,budget,bengaluru,chinese,1,0.341508128,9,279.6665643,24,dip,0.0865
1721,mid,delhi,italian,1,0.244007959,11,598.7549184,6,dip,0.1724
3829,mid,pune,chinese,1,0.05,6,563.8172544,7,side,0.2588
3131,mid,delhi,fast_food,1,0.191473347,6,423.3905306,30,side,0.2199
2351,mid,hyderabad,continental,1,0.76529009,6,58.36980578,25,bread,0.0668
3439,mid,bengaluru,arabian,0,0.755999065,4,334.2477035,8,bread,0.1173
2853,mid,bengaluru,north_indian,0,0.457836282,4,447.9485967,3,bread,0.0838
2436,budget,chennai,biryani,0,0.370506547,5,212.8411051,5,side,0.1519
1208,mid,bengaluru,biryani,0,0.061293602,6,296.4740717,5,dip,0.2729
3470,premium,mumbai,south_indian,1,0.206013534,5,747.2122542,6,starter,0.3267
2295,mid,mumbai,south_indian,1,0.576877448,8,595.6496708,7,side,0.1385
1726,budget,bengaluru,continental,0,0.614554968,9,829.0033334,2,dip,0.05
1078,budget,bengaluru,north_indian,1,0.663036928,4,1107.857904,4,bread,0.0763
1873,budget,mumbai,biryani,0,0.4178931,8,536.9280618,25,dip,0.0614
804,premium,chennai,biryani,1,0.7093059,3,181.053727,5,drink,0.2946
3690,mid,chennai,continental,0,0.587491042,1,467.3443976,6,side,0.0946
3391,budget,chennai,italian,0,0.487444918,5,441.5646343,6,bread,0.05
558,mid,bengaluru,south_indian,0,0.793708951,7,441.0723508,7,bread,0.1322
2213,budget,bengaluru,italian,1,0.673917273,8,359.4999258,2,side,0.0583
2231,mid,bengaluru,italian,0,0.270441808,3,441.2329778,5,bread,0.2639
3679,budget,chennai,desserts,1,0.164852843,8,699.0024737,6,bread,0.1226
203,budget,bengaluru,continental,0,0.837793033,6,1255.017221,0,bread,0.05
110,budget,mumbai,chinese,0,0.666168616,3,370.8340017,0,bread,0.05
304,premium,chennai,south_indian,1,0.717654112,7,1157.413773,28,starter,0.222
692,mid,bengaluru,desserts,0,0.411995643,4,678.0546776,4,side,0.1153
3581,budget,chennai,fast_food,1,0.413667449,4,466.013595,25,bread,0.05
3230,mid,delhi,fast_food,1,0.178405044,8,344.3167292,9,bread,0.2133
1349,budget,kolkata,biryani,1,0.488065087,5,1159.877107,3,dip,0.107
1264,mid,delhi,desserts,1,0.280402601,2,631.0688618,7,bread,0.1996
3664,mid,chennai,south_indian,0,0.40341139,5,209.1084519,5,dip,0.2228
3267,budget,bengaluru,italian,1,0.238133674,5,267.7570046,22,bread,0.0519
3635,mid,bengaluru,biryani,0,0.476557537,3,485.2426905,9,dip,0.1054
65,mid,bengaluru,biryani,1,0.397420691,7,190.7846856,5,side,0.149
2358,premium,hyderabad,continental,1,0.75125275,3,1328.482571,29,starter,0.1617
1506,budget,mumbai,fast_food,0,0.71193359,7,1067.242246,5,dip,0.0978
1132,mid,hyderabad,fast_food,1,0.810465727,3,665.2494895,5,dip,0.1963
2626,budget,mumbai,arabian,0,0.52737081,6,943.6728345,2,dip,0.05
3222,mid,mumbai,arabian,1,0.773236045,6,500.4423867,25,dip,0.1161
2282,mid,delhi,italian,1,0.558181911,6,479.1268704,7,side,0.0716
3755,budget,hyderabad,fast_food,0,0.463268629,6,657.8088699,4,bread,0.1095
194,budget,pune,biryani,1,0.321635458,4,407.1218336,4,side,0.1141
2354,budget,delhi,north_indian,0,0.700223719,6,97.97533299,6,dip,0.1077
3395,premium,hyderabad,north_indian,1,0.436878836,7,338.8391953,19,dessert,0.3077
2242,mid,hyderabad,chinese,0,0.228357435,7,572.3834691,7,side,0.1913
647,budget,mumbai,chinese,1,0.521753377,6,661.5320497,5,bread,0.05
3813,mid,mumbai,arabian,1,0.113008934,9,254.221919,6,side,0.219
2182,budget,bengaluru,arabian,1,0.95,4,270.3072508,29,side,0.05
3447,budget,mumbai,desserts,0,0.339564632,6,566.5549435,27,bread,0.1622
2327,budget,mumbai,chinese,1,0.34419612,10,580.9455309,4,dip,0.123
3213,budget,delhi,north_indian,1,0.742980137,2,538.2625902,4,bread,0.05
1544,premium,chennai,continental,1,0.389725445,7,626.7499186,2,drink,0.3114
1645,budget,kolkata,arabian,0,0.702228206,7,624.5602518,6,dip,0.05
2183,mid,chennai,continental,0,0.59270291,7,493.1937842,1,side,0.172
3572,mid,kolkata,north_indian,1,0.645599853,8,878.0733404,1,bread,0.1609
1123,mid,chennai,arabian,0,0.358998029,7,466.1172425,6,drink,0.138
1722,budget,kolkata,chinese,0,0.494307513,6,898.4390753,6,side,0.1059
152,budget,hyderabad,italian,0,0.907399016,9,355.4429371,7,dip,0.05
3245,mid,hyderabad,italian,1,0.801915602,10,815.8588515,4,bread,0.1774
2,mid,hyderabad,chinese,0,0.653112793,7,184.0063217,29,drink,0.1862
255,budget,bengaluru,fast_food,1,0.677973527,6,555.5850008,0,side,0.1159
2520,mid,bengaluru,biryani,1,0.589187022,6,450.2091224,3,bread,0.0625
659,budget,hyderabad,desserts,0,0.582015442,9,481.2119805,3,bread,0.0797
545,budget,bengaluru,arabian,0,0.279871733,7,852.379627,4,side,0.081
1470,premium,bengaluru,arabian,0,0.555694768,8,1591.112198,29,starter,0.2616
239,mid,delhi,italian,1,0.522282881,5,773.861747,3,drink,0.1472
689,budget,delhi,chinese,1,0.485472923,11,494.1586766,5,dip,0.1046
419,mid,mumbai,biryani,0,0.471226512,10,649.0330944,31,dip,0.1615
368,budget,mumbai,arabian,1,0.260253312,5,423.79744,5,dip,0.103
2296,mid,chennai,fast_food,0,0.294997873,10,460.7031271,4,dip,0.1877
2821,budget,hyderabad,chinese,1,0.725865873,7,501.1947974,6,side,0.05
3742,budget,delhi,desserts,1,0.6966056,10,366.2833734,26,side,0.05
2550,budget,hyderabad,south_indian,0,0.725965335,8,280.2481258,10,dip,0.0609
1865,budget,mumbai,italian,0,0.05,7,368.6814809,30,side,0.1073
3098,budget,hyderabad,chinese,0,0.546414871,10,495.6471601,5,side,0.0923
872,budget,bengaluru,north_indian,0,0.426260376,7,475.6815454,29,side,0.0971
3978,premium,mumbai,arabian,0,0.273388586,9,795.033005,3,drink,0.2872
105,budget,bengaluru,continental,1,0.436962679,9,1043.674514,4,bread,0.05
674,mid,mumbai,desserts,1,0.432611689,9,957.5322295,3,dip,0.1692
2826,mid,bengaluru,biryani,1,0.46205246,5,230.1417361,9,dip,0.1228
3763,mid,mumbai,south_indian,1,0.487687337,6,788.3438169,6,side,0.1957
1908,premium,chennai,fast_food,1,0.513525062,8,421.2210272,30,dessert,0.2326
1540,mid,bengaluru,fast_food,1,0.854491344,6,578.9497055,39,side,0.1531
3311,budget,chennai,continental,0,0.247302498,5,568.9704897,28,bread,0.1917
2263,mid,mumbai,italian,1,0.758684388,7,358.3737509,4,side,0.154
2605,budget,bengaluru,continental,1,0.41283076,6,626.145895,3,side,0.0805
798,premium,bengaluru,arabian,0,0.308128323,13,366.758461,5,drink,0.37
3399,budget,kolkata,chinese,0,0.100682302,10,298.9190532,6,side,0.1373
98,budget,mumbai,biryani,1,0.320615566,10,665.2960865,4,dip,0.1453
1909,budget,bengaluru,italian,1,0.418229506,3,677.2242063,37,dip,0.1068
38,mid,hyderabad,chinese,1,0.644238794,4,551.6712062,3,bread,0.1126
1153,premium,chennai,fast_food,0,0.373459476,6,890.5586334,7,dessert,0.2507
2915,budget,chennai,biryani,1,0.371310142,6,452.4193614,5,side,0.1102
3720,budget,hyderabad,south_indian,1,0.265336339,6,514.8849698,5,bread,0.1064
2634,mid,bengaluru,italian,1,0.312646717,6,231.0099585,3,dip,0.1257
3525,budget,hyderabad,biryani,0,0.95,1,439.0263381,6,bread,0.05
3496,budget,kolkata,north_indian,1,0.448895474,8,739.1157965,5,bread,0.0766
1403,budget,mumbai,north_indian,0,0.95,5,677.410546,4,side,0.05
215,mid,bengaluru,chinese,0,0.791495862,5,896.8510171,5,side,0.1354
578,premium,delhi,italian,0,0.409799017,7,622.6353838,32,starter,0.2446
2842,budget,pune,desserts,0,0.519064291,7,683.9197564,4,bread,0.0976
676,mid,mumbai,desserts,1,0.675246014,4,552.2694277,34,drink,0.1805
1897,mid,hyderabad,fast_food,1,0.376454417,5,728.9465177,5,side,0.1356
1480,mid,mumbai,south_indian,0,0.515714848,1,244.7634369,3,side,0.1861
3157,premium,mumbai,biryani,0,0.488135218,11,676.0724945,6,dessert,0.211
935,budget,bengaluru,fast_food,1,0.604758698,6,131.9584414,2,dip,0.0853
972,mid,kolkata,biryani,0,0.191616722,3,320.1309095,2,side,0.1889
2788,premium,bengaluru,continental,1,0.511095023,6,267.842706,36,starter,0.1327
687,premium,chennai,biryani,0,0.647552379,4,273.5930342,33,starter,0.1903
2511,mid,mumbai,continental,1,0.791953608,9,573.9003981,13,drink,0.0942
3071,mid,bengaluru,arabian,1,0.099516908,7,321.2858129,42,side,0.1958
3341,budget,bengaluru,arabian,0,0.312063277,2,431.5712438,29,dip,0.0527
1915,premium,pune,fast_food,0,0.530936052,6,997.044815,3,starter,0.2917
969,mid,hyderabad,north_indian,1,0.179988474,8,487.1662987,3,side,0.1553
1128,mid,bengaluru,fast_food,1,0.232941804,7,988.5286499,7,bread,0.2102
3778,budget,mumbai,north_indian,0,0.509151551,6,364.6200952,22,bread,0.05
3105,mid,chennai,desserts,0,0.642301552,8,740.3397413,5,side,0.1817
1361,premium,delhi,continental,1,0.505395959,6,140.6794977,5,dessert,0.2509
3814,budget,pune,desserts,1,0.786742422,6,911.9893967,6,side,0.05
3469,mid,bengaluru,chinese,1,0.732495608,10,635.8729933,29,dip,0.1249
746,mid,delhi,north_indian,0,0.557057121,5,695.6233394,6,dip,0.1872
3541,mid,kolkata,arabian,0,0.721423194,3,319.8633841,3,drink,0.1352
3197,budget,bengaluru,italian,1,0.429538744,5,630.0302747,5,dip,0.1049
1046,mid,bengaluru,continental,0,0.681970667,7,857.3435839,1,drink,0.1328
2531,budget,chennai,continental,1,0.637483648,3,415.0863152,7,side,0.0601
2246,premium,delhi,south_indian,1,0.493232325,3,307.358535,5,starter,0.2657
293,budget,hyderabad,south_indian,0,0.530983407,5,464.4129112,4,bread,0.0577
2612,mid,bengaluru,fast_food,1,0.442966243,6,469.9386233,4,side,0.1655
324,premium,chennai,biryani,0,0.695311595,4,644.6411566,30,starter,0.2433
3463,budget,hyderabad,north_indian,0,0.510754104,6,139.9268262,7,side,0.05
2851,mid,delhi,arabian,0,0.420746872,4,838.6547076,5,drink,0.1927
1364,budget,kolkata,italian,1,0.622006861,8,743.8536457,7,bread,0.05
614,budget,bengaluru,continental,1,0.34135527,6,1150.610186,8,side,0.0693
3609,mid,hyderabad,north_indian,1,0.639208189,3,422.0861715,8,dip,0.1522
3353,mid,bengaluru,arabian,0,0.464526947,10,401.2564218,4,side,0.1924
3251,budget,kolkata,north_indian,1,0.636732801,3,569.0653192,2,dip,0.0935
2357,budget,hyderabad,italian,1,0.335236057,9,745.92776,3,side,0.0614
3283,budget,delhi,chinese,0,0.505945089,6,315.6297912,5,bread,0.05
2591,budget,bengaluru,chinese,0,0.628268078,5,360.0325277,25,dip,0.05
2525,budget,delhi,italian,1,0.351199373,5,609.6325132,10,dip,0.0512
2378,mid,hyderabad,continental,0,0.593735759,6,339.3613224,4,bread,0.1814
1235,premium,bengaluru,continental,1,0.708406997,8,658.4935143,4,drink,0.2022
929,budget,hyderabad,north_indian,0,0.750239484,11,1401.94242,5,dip,0.05
1519,budget,hyderabad,continental,0,0.354495757,3,1026.908139,4,side,0.1145
2034,mid,pune,arabian,0,0.667913137,3,171.9406837,8,dip,0.1193
1846,premium,pune,fast_food,1,0.463051978,1,552.4795047,2,drink,0.2031
2047,premium,hyderabad,italian,0,0.568971236,11,586.3039527,4,dessert,0.24
201,mid,hyderabad,fast_food,0,0.437602818,7,475.7451967,29,side,0.1859
3686,premium,bengaluru,desserts,0,0.705503262,7,877.4714806,4,starter,0.2895
1129,mid,hyderabad,desserts,0,0.48913946,7,525.5804431,24,side,0.148
3940,budget,chennai,biryani,1,0.468940557,2,995.1857383,5,bread,0.075
2096,budget,chennai,fast_food,0,0.452934472,7,735.41913,5,side,0.1091
122,budget,delhi,italian,1,0.508033878,5,604.3429653,2,side,0.1097
1010,budget,delhi,italian,0,0.646446769,6,1084.81856,6,side,0.0821
1124,mid,hyderabad,italian,1,0.265715799,6,715.1422882,8,dip,0.1719
631,budget,hyderabad,chinese,0,0.49038276,4,402.1613118,35,dip,0.1097
2443,mid,bengaluru,arabian,0,0.808539655,12,552.3506221,8,bread,0.1394
290,budget,mumbai,italian,0,0.257897784,2,1164.265645,30,bread,0.1403
187,mid,delhi,desserts,1,0.588762295,6,469.896438,8,bread,0.119
1788,mid,pune,continental,0,0.397869883,8,610.6469416,23,dip,0.1375
953,mid,mumbai,desserts,1,0.328184469,4,946.6283164,4,bread,0.2682
2498,mid,mumbai,desserts,0,0.69261406,6,864.8913663,35,side,0.1241
267,premium,bengaluru,italian,1,0.550514592,4,613.2528578,2,dessert,0.2914
636,mid,mumbai,biryani,0,0.636357005,3,683.5707545,9,dip,0.1412
3402,mid,mumbai,italian,1,0.567087308,4,216.5978752,4,drink,0.1439
1292,mid,bengaluru,chinese,0,0.332660535,6,622.9663945,9,drink,0.1507
1853,budget,hyderabad,chinese,0,0.771670401,5,722.0801418,27,bread,0.0771
1179,premium,bengaluru,arabian,0,0.51626773,4,627.01262,6,dessert,0.222
889,mid,delhi,continental,0,0.619297486,9,257.207879,4,side,0.1211
526,mid,bengaluru,arabian,0,0.671024506,9,413.3116844,40,bread,0.1193
1529,premium,bengaluru,north_indian,1,0.453667246,8,450.2568677,3,drink,0.3435
3273,budget,mumbai,south_indian,1,0.676680646,4,508.4547437,3,side,0.05
2438,budget,pune,fast_food,1,0.330619465,6,410.6724252,4,bread,0.0824
306,budget,bengaluru,chinese,1,0.346261995,8,555.3290906,12,bread,0.1288
3095,mid,hyderabad,biryani,0,0.407603941,7,379.9980178,5,drink,0.0987
3726,budget,mumbai,fast_food,0,0.097018462,4,245.0765029,30,side,0.0936
2092,mid,delhi,biryani,1,0.447985599,4,618.2815917,5,side,0.1159
2510,budget,hyderabad,continental,1,0.516039867,2,393.6733713,5,dip,0.05
990,budget,mumbai,arabian,1,0.139379229,11,296.6306768,8,bread,0.1568
3932,mid,chennai,desserts,1,0.738310115,10,1348.544049,8,bread,0.2034
3053,mid,hyderabad,south_indian,1,0.398028913,4,505.4530587,31,side,0.091
164,budget,pune,fast_food,0,0.503981728,3,845.414155,4,side,0.0893
2125,budget,hyderabad,biryani,0,0.766778654,6,402.1054241,5,dip,0.05
2970,mid,chennai,desserts,1,0.355239991,4,1003.930706,6,side,0.1631
2886,budget,mumbai,chinese,0,0.627816674,4,647.9628992,6,dip,0.05
3491,mid,mumbai,biryani,0,0.609430062,9,557.9516855,6,drink,0.1556
2986,mid,bengaluru,biryani,0,0.474956427,6,345.1631361,5,bread,0.1607
1272,budget,delhi,arabian,1,0.872751631,6,992.1228742,6,dip,0.05
3683,mid,pune,continental,0,0.377328816,3,477.7284326,8,drink,0.2111
433,budget,delhi,south_indian,1,0.591428423,6,698.2684316,27,side,0.05
2208,mid,pune,chinese,0,0.18590277,4,593.5973258,7,bread,0.2179
1382,mid,delhi,fast_food,1,0.19607001,6,1085.68524,9,dip,0.1659
2780,budget,bengaluru,italian,1,0.05,10,607.5076094,5,dip,0.1284
3942,premium,delhi,arabian,1,0.603444683,9,352.577982,7,drink,0.1751
344,mid,bengaluru,italian,0,0.716429922,5,399.8277542,31,side,0.0915
1922,mid,pune,chinese,0,0.684079895,7,213.2532779,4,side,0.1015
2219,budget,mumbai,desserts,1,0.122969661,5,478.4140696,3,bread,0.1257
1076,mid,chennai,italian,0,0.506590027,5,1118.947368,4,dip,0.1615
1554,mid,mumbai,fast_food,0,0.350275502,7,486.794083,6,drink,0.1553
49,premium,mumbai,south_indian,0,0.120093709,10,501.4641721,7,starter,0.3519
3195,mid,delhi,italian,1,0.569831169,3,334.7760955,4,drink,0.1876
3040,mid,delhi,biryani,1,0.366517101,2,352.9687885,5,drink,0.1639
1030,budget,hyderabad,fast_food,1,0.67706208,4,596.4681114,2,bread,0.0885
3284,budget,bengaluru,chinese,1,0.249713379,9,988.8277143,4,bread,0.0999
3638,budget,chennai,italian,0,0.48161841,7,472.5587935,26,dip,0.1125
2661,mid,hyderabad,chinese,1,0.477477221,7,630.2388398,5,bread,0.181
1476,budget,mumbai,north_indian,0,0.576307738,5,493.1910803,3,side,0.05
473,mid,bengaluru,arabian,0,0.612237391,5,888.1038878,9,drink,0.0991
2190,budget,chennai,south_indian,1,0.356384241,5,267.8457466,6,side,0.1215
747,premium,chennai,desserts,1,0.364980625,5,436.6689426,3,drink,0.2543
445,mid,chennai,biryani,1,0.588039006,4,321.0696196,4,drink,0.1136
132,premium,mumbai,desserts,1,0.484235409,2,339.9555461,8,drink,0.207
1839,budget,chennai,arabian,1,0.83291632,3,439.589416,5,dip,0.0601
2632,mid,hyderabad,biryani,0,0.189655517,6,664.1472228,33,bread,0.2312
205,mid,bengaluru,arabian,0,0.52890216,3,192.5871853,3,drink,0.1757
520,budget,mumbai,biryani,1,0.132190324,8,378.0412411,21,side,0.1296
1902,budget,hyderabad,arabian,0,0.498870189,8,346.1390014,30,bread,0.0975
1848,mid,hyderabad,south_indian,0,0.286236517,3,654.08093,6,side,0.126
2316,budget,bengaluru,italian,1,0.454324944,6,1362.08474,6,dip,0.0566
2048,mid,chennai,biryani,1,0.165965753,5,920.7537002,5,dip,0.2455
3965,budget,mumbai,south_indian,1,0.447841807,7,933.8210111,4,dip,0.135
2200,budget,delhi,south_indian,0,0.329171235,7,444.0607074,5,side,0.0638
2277,mid,bengaluru,south_indian,0,0.655071761,3,664.6668153,5,bread,0.1605
3282,mid,chennai,desserts,1,0.197884491,3,243.0952402,4,side,0.2324
270,budget,hyderabad,fast_food,1,0.401904139,6,444.2131586,4,dip,0.1071
2020,budget,bengaluru,arabian,0,0.366677888,6,317.0380223,6,bread,0.135
2000,mid,chennai,italian,1,0.72638769,4,183.0430039,23,drink,0.1481
103,budget,delhi,fast_food,1,0.256072357,6,527.8318873,29,dip,0.083
3468,budget,bengaluru,italian,0,0.05,6,775.9056082,5,bread,0.1201
61,mid,delhi,desserts,0,0.536077154,4,692.5962442,4,dip,0.1617
3397,mid,kolkata,continental,0,0.379316083,5,970.7672194,7,side,0.1615
799,mid,hyderabad,chinese,0,0.20068322,6,546.6665981,5,dip,0.2279
3732,budget,hyderabad,biryani,1,0.358033198,6,433.8743201,7,side,0.0854
1995,budget,bengaluru,north_indian,0,0.23470861,7,1058.467197,30,dip,0.1259
463,mid,hyderabad,biryani,1,0.523718452,3,270.508114,4,bread,0.1484
2949,mid,mumbai,fast_food,0,0.520660792,7,594.5745768,36,drink,0.1659
464,mid,kolkata,arabian,0,0.609531447,2,260.2181866,9,drink,0.0589
3510,budget,delhi,arabian,0,0.389819026,5,541.1480948,25,side,0.0598
711,premium,mumbai,arabian,0,0.643114376,13,1010.298719,8,dessert,0.2306
3132,budget,bengaluru,arabian,0,0.589604791,4,397.4534361,3,side,0.1661
1701,mid,delhi,biryani,0,0.31208697,12,709.338403,35,bread,0.1189
2077,mid,hyderabad,italian,0,0.301276521,6,513.1307835,6,drink,0.1459
2691,mid,delhi,biryani,0,0.303475917,8,299.0132357,3,bread,0.1631
361,budget,delhi,fast_food,0,0.811003966,4,458.1472505,4,dip,0.0595
3782,mid,pune,continental,1,0.495823788,7,342.1376393,33,dip,0.1108
1791,premium,hyderabad,arabian,1,0.516749587,4,250.5299753,8,starter,0.2527
1469,budget,pune,continental,0,0.620300995,4,1123.621819,2,bread,0.1122
3568,mid,hyderabad,arabian,0,0.511272623,4,611.9197732,29,drink,0.106
196,premium,chennai,desserts,0,0.191303556,2,368.0463965,8,dessert,0.2364
1339,mid,mumbai,fast_food,0,0.927878773,5,740.5165814,3,dip,0.0719
3839,budget,hyderabad,fast_food,0,0.28100105,3,464.0289361,7,side,0.1449
394,budget,mumbai,arabian,1,0.443895962,4,396.9316693,2,bread,0.05
2067,mid,pune,italian,1,0.663716823,6,368.6730747,27,drink,0.1518
1113,mid,mumbai,fast_food,0,0.662845712,4,770.7310589,33,bread,0.124
3371,budget,hyderabad,italian,1,0.261188961,4,534.9683415,7,side,0.1758
2762,mid,delhi,desserts,1,0.66340182,7,183.147968,3,bread,0.0995
1140,budget,mumbai,south_indian,1,0.357616643,3,467.9522742,5,dip,0.0901
1718,mid,bengaluru,italian,1,0.634323267,12,665.3754408,6,bread,0.1616
2793,mid,chennai,arabian,0,0.431353119,5,751.3306265,29,side,0.1806
0,budget,mumbai,arabian,0,0.629944855,7,474.8855511,20,dip,0.0979
3651,mid,hyderabad,chinese,1,0.329694148,5,586.3517621,2,bread,0.1798
2537,mid,mumbai,continental,1,0.468468017,11,336.3237597,8,bread,0.1037
2606,budget,delhi,arabian,0,0.451625411,6,486.3975528,4,dip,0.1135
943,budget,pune,arabian,1,0.520792145,7,506.9677415,2,dip,0.0601
3512,budget,bengaluru,italian,0,0.412314687,5,878.0208029,31,bread,0.0801
3533,premium,bengaluru,biryani,0,0.326347739,4,880.5663808,6,starter,0.3408
528,mid,mumbai,north_indian,0,0.375553716,4,228.9322795,37,side,0.16
1396,mid,bengaluru,north_indian,0,0.252699593,4,703.6121497,5,drink,0.1785
3404,mid,bengaluru,biryani,1,0.691262974,6,742.3844196,34,bread,0.1259
2406,premium,mumbai,continental,0,0.738175865,4,395.5897094,3,dessert,0.2818
2142,mid,hyderabad,arabian,0,0.392553933,13,163.4053254,32,bread,0.1614
2716,mid,bengaluru,arabian,1,0.651951125,6,529.8019795,2,drink,0.1034
767,mid,chennai,italian,0,0.5001169,4,683.0339569,8,drink,0.1325
771,mid,delhi,north_indian,0,0.321812939,5,271.4833399,4,dip,0.2271
409,mid,bengaluru,italian,0,0.598735068,5,517.2725119,35,side,0.1257
2298,mid,chennai,south_indian,0,0.4670977,7,308.4015348,4,side,0.1723
118,mid,delhi,desserts,1,0.419005071,8,469.8334044,3,dip,0.1826
2734,budget,mumbai,chinese,1,0.51825038,6,263.2513743,7,dip,0.1132
42,mid,bengaluru,arabian,0,0.408155576,11,815.8528224,2,dip,0.1825
797,mid,delhi,continental,1,0.733855124,8,416.9713047,8,drink,0.114
1297,budget,mumbai,south_indian,0,0.746081569,5,1046.203105,4,side,0.05
2494,premium,bengaluru,south_indian,1,0.309267477,7,1644.979262,37,drink,0.3708
2607,mid,hyderabad,italian,0,0.275634779,5,552.8249843,7,side,0.1005
471,budget,mumbai,italian,1,0.630243256,7,692.2351886,5,bread,0.05
12,mid,chennai,north_indian,0,0.258522131,2,738.4051354,5,side,0.1957
3645,budget,bengaluru,chinese,0,0.509778469,5,738.1750508,31,bread,0.0796
2026,mid,mumbai,biryani,0,0.463985496,3,589.7624182,23,bread,0.1455
1018,budget,delhi,continental,0,0.648047056,6,627.6575562,2,side,0.0764
817,budget,pune,north_indian,0,0.754246083,5,508.8706051,5,side,0.05
1496,mid,hyderabad,arabian,1,0.578467113,6,587.6487482,35,side,0.1643
3920,budget,bengaluru,italian,1,0.46125386,1,828.7317427,3,dip,0.0732
3379,mid,pune,south_indian,0,0.582791341,9,486.6375635,34,bread,0.136
3182,mid,delhi,arabian,1,0.520914848,2,793.1307723,8,drink,0.2035
597,budget,bengaluru,desserts,1,0.399601176,2,282.6412102,5,bread,0.1071
1444,budget,hyderabad,fast_food,0,0.95,5,813.2243054,4,side,0.05
1342,budget,delhi,continental,1,0.338882023,5,610.1851,3,bread,0.0947
3333,budget,chennai,chinese,1,0.69400925,11,180.5476487,5,bread,0.0919
2885,budget,hyderabad,fast_food,0,0.05,6,731.0408131,7,dip,0.0942
1279,budget,kolkata,italian,0,0.500360328,7,721.6955641,4,side,0.1344
359,mid,kolkata,italian,1,0.715801423,12,1262.043155,5,drink,0.1703
1202,budget,pune,north_indian,0,0.451675083,6,1024.718597,22,dip,0.1599
1206,budget,hyderabad,desserts,0,0.241837315,7,536.6887799,5,dip,0.1521
2755,mid,delhi,fast_food,0,0.343852669,9,1330.282075,27,bread,0.1713
1643,premium,bengaluru,north_indian,1,0.582491484,1,624.0721423,6,starter,0.2361
1789,premium,bengaluru,south_indian,1,0.73750449,4,864.628936,6,drink,0.2684
3199,premium,mumbai,south_indian,0,0.516711583,3,365.7596965,34,drink,0.311
2132,budget,bengaluru,desserts,0,0.565190562,7,368.5169896,36,bread,0.121
731,budget,delhi,arabian,0,0.759904801,3,434.6735453,6,dip,0.0642
2893,budget,delhi,desserts,1,0.613300448,7,441.7226855,4,bread,0.0802
735,premium,mumbai,fast_food,0,0.322659237,4,559.6945397,5,dessert,0.283
1385,budget,bengaluru,italian,1,0.649579665,3,567.7072736,3,side,0.05
1567,budget,hyderabad,chinese,1,0.451690013,5,953.1455513,1,bread,0.1661
2383,mid,hyderabad,south_indian,1,0.141247451,6,772.1531901,4,drink,0.1645
944,mid,mumbai,arabian,0,0.331364921,4,311.8315744,7,drink,0.2063
690,budget,bengaluru,continental,0,0.410390315,10,924.8914333,5,dip,0.0564
2100,budget,bengaluru,biryani,0,0.549313487,8,320.217945,4,bread,0.0856
1601,budget,chennai,italian,0,0.76503574,4,1069.046636,6,bread,0.0503
2534,mid,kolkata,fast_food,0,0.622795297,3,906.0693478,35,bread,0.1514
864,mid,pune,fast_food,1,0.703775098,6,454.2864216,3,side,0.1283
2098,budget,mumbai,biryani,0,0.690052203,6,610.5434116,5,bread,0.05
1201,budget,chennai,desserts,1,0.478925394,8,431.1754011,4,dip,0.0699
3802,budget,mumbai,south_indian,0,0.721532453,9,1194.026042,6,bread,0.0769
602,mid,hyderabad,fast_food,1,0.435246806,5,973.9620509,26,side,0.1835
362,mid,bengaluru,italian,0,0.636317768,10,182.8942111,8,drink,0.0832
3215,mid,bengaluru,desserts,0,0.39110724,4,451.5535825,0,side,0.2129
3725,budget,bengaluru,north_indian,0,0.702116093,7,666.5209616,28,dip,0.1321
855,mid,hyderabad,north_indian,1,0.53693573,3,305.1218962,3,bread,0.1664
3088,mid,mumbai,desserts,0,0.764492348,5,472.5092658,2,side,0.1984
2876,budget,hyderabad,chinese,0,0.759395656,5,422.212712,6,bread,0.05
154,budget,hyderabad,desserts,1,0.476527659,8,356.0362348,6,bread,0.05
1434,budget,mumbai,fast_food,1,0.688013174,11,874.7790647,6,dip,0.0582
3938,mid,bengaluru,fast_food,0,0.45933894,9,1252.016691,10,bread,0.1832
2496,budget,bengaluru,desserts,0,0.407673983,7,437.1789281,5,side,0.1005
1340,premium,hyderabad,south_indian,0,0.201326882,5,607.9385788,7,drink,0.2627
1999,mid,hyderabad,biryani,0,0.423748712,4,392.199302,2,side,0.1332
3226,mid,delhi,continental,1,0.623692173,2,216.150915,6,bread,0.1441
3719,mid,pune,italian,0,0.426937154,10,345.9814842,12,bread,0.0945
56,budget,delhi,continental,1,0.759824092,7,231.7664842,3,bread,0.0863
2431,budget,mumbai,south_indian,0,0.498767224,7,179.1684878,4,dip,0.05
3529,budget,hyderabad,north_indian,0,0.587736931,8,514.3414624,6,side,0.1069
3277,budget,chennai,biryani,1,0.47206047,1,793.6528015,2,side,0.05
3000,mid,pune,desserts,0,0.274395449,2,789.2205533,27,dip,0.1666
2969,mid,hyderabad,biryani,1,0.280877086,8,817.6307627,4,side,0.1767
2279,budget,hyderabad,north_indian,1,0.29972664,8,347.4438008,4,side,0.0643
2156,budget,bengaluru,desserts,0,0.724646102,9,402.5797316,4,dip,0.05
1770,mid,chennai,fast_food,1,0.740777867,7,304.1906577,12,bread,0.1796
318,budget,bengaluru,north_indian,1,0.522168983,4,388.0369851,7,side,0.0908
2925,premium,mumbai,north_indian,0,0.241104602,4,449.2465795,4,starter,0.2844
3099,premium,delhi,south_indian,1,0.95,4,875.8682086,6,drink,0.166
1079,mid,hyderabad,south_indian,1,0.417175614,11,233.0961023,6,dip,0.1925
2773,budget,delhi,biryani,0,0.776253653,6,763.1289158,6,dip,0.05
3167,budget,chennai,biryani,0,0.53398051,8,530.8247219,4,dip,0.1391
3211,mid,bengaluru,fast_food,0,0.458624508,7,498.6092377,4,bread,0.1012
838,mid,hyderabad,desserts,0,0.67638626,5,345.2872031,7,drink,0.1556
777,mid,hyderabad,biryani,0,0.41760305,12,1467.869917,6,bread,0.0906
2726,mid,pune,italian,1,0.767610563,9,681.3981459,29,dip,0.09
1798,budget,mumbai,chinese,1,0.053311449,3,576.5613582,6,bread,0.2009
3499,premium,delhi,chinese,0,0.356048842,8,271.9941846,35,drink,0.2565
1041,budget,bengaluru,fast_food,1,0.699422766,1,745.5408765,1,side,0.0643
3142,budget,mumbai,chinese,0,0.496458134,8,484.3633944,23,dip,0.05
2229,budget,pune,italian,1,0.691380256,3,748.1775046,3,dip,0.0589
1164,mid,pune,north_indian,1,0.439503326,7,713.0210749,10,bread,0.1378
3461,premium,hyderabad,chinese,0,0.231584016,11,643.5150726,32,starter,0.2796
280,mid,mumbai,desserts,1,0.487763485,3,651.7951218,4,bread,0.1564
3560,premium,bengaluru,chinese,0,0.580582035,8,952.248837,7,dessert,0.2534
988,budget,chennai,biryani,1,0.155765709,3,588.1474335,5,dip,0.1104
3176,budget,bengaluru,desserts,1,0.415785914,6,257.3387415,36,side,0.05
1454,premium,chennai,fast_food,0,0.16051597,6,649.250912,2,drink,0.3721
2284,mid,mumbai,north_indian,1,0.21265941,9,477.7662175,3,dip,0.2517
1372,budget,mumbai,arabian,0,0.659536255,8,853.0855931,7,bread,0.05
121,premium,delhi,north_indian,1,0.460875882,8,226.3715924,3,dessert,0.2222
1198,mid,bengaluru,continental,0,0.449003311,9,847.5680165,5,drink,0.1398
1168,mid,hyderabad,north_indian,1,0.418074949,10,282.5721432,27,bread,0.1869
3783,mid,bengaluru,desserts,0,0.552349502,2,473.7781618,5,side,0.2304
1794,budget,mumbai,desserts,0,0.598534011,8,355.2704712,29,bread,0.1394
2808,premium,kolkata,chinese,1,0.281932335,10,551.3540693,3,drink,0.2961
3751,budget,hyderabad,biryani,1,0.469658106,7,1335.718801,4,dip,0.0546
3598,mid,kolkata,north_indian,0,0.280968485,7,788.0260762,22,dip,0.1722
1982,budget,bengaluru,fast_food,0,0.102457494,4,585.3664623,22,side,0.0931
2356,premium,bengaluru,fast_food,1,0.648258841,3,625.8287815,8,dessert,0.3287
1320,mid,mumbai,desserts,1,0.605212917,4,1272.536659,2,drink,0.1385
1879,premium,mumbai,arabian,0,0.242427056,7,1112.196687,2,starter,0.2839
26,budget,mumbai,fast_food,0,0.440778544,9,852.7117232,9,bread,0.1042
2681,mid,delhi,fast_food,1,0.272318607,6,526.512847,34,dip,0.1396
2869,mid,chennai,fast_food,0,0.401778293,14,1195.833396,6,drink,0.1877
1808,premium,hyderabad,italian,0,0.505452474,9,687.3343109,3,drink,0.2827
2168,budget,bengaluru,biryani,0,0.528238702,7,528.492438,2,dip,0.1171
2774,premium,mumbai,biryani,0,0.417379968,6,506.183427,49,starter,0.299
572,mid,kolkata,chinese,1,0.581974711,5,462.4412447,6,bread,0.1804
3914,premium,delhi,fast_food,0,0.440976399,1,177.4982189,9,dessert,0.2689
3828,premium,delhi,chinese,0,0.178080312,8,782.5355502,35,drink,0.2643
3233,mid,pune,north_indian,1,0.334507971,11,615.3583277,5,bread,0.1666
3981,budget,pune,italian,0,0.431580865,4,423.1469174,10,bread,0.0572
865,budget,mumbai,desserts,0,0.339733284,3,324.8571009,31,bread,0.0676
3563,mid,hyderabad,arabian,1,0.571404806,5,498.3383678,14,bread,0.1622
1611,premium,kolkata,desserts,0,0.27313751,6,297.1785431,23,starter,0.2973
1807,mid,delhi,fast_food,1,0.662768123,6,200.6271431,7,drink,0.1668
2760,mid,chennai,south_indian,1,0.264336297,7,690.7881409,3,side,0.1942
2185,mid,delhi,biryani,0,0.459583311,5,423.2791377,4,side,0.1266
2083,mid,mumbai,arabian,0,0.326875304,6,413.4054327,4,side,0.2379
2023,budget,mumbai,chinese,0,0.176372437,5,622.7887667,5,dip,0.1357
2240,mid,chennai,arabian,1,0.071308028,3,288.4569189,5,side,0.216
716,mid,chennai,south_indian,1,0.57570663,4,1207.022792,3,dip,0.1311
1484,mid,bengaluru,north_indian,1,0.266091927,7,885.9925506,6,dip,0.1283
2505,mid,hyderabad,fast_food,0,0.779342734,3,451.4050184,1,bread,0.0995
3999,budget,bengaluru,biryani,1,0.478718724,8,174.7268728,7,side,0.0687
2002,budget,delhi,biryani,1,0.631929433,2,833.6863936,29,bread,0.1472
3718,budget,pune,continental,0,0.691835624,5,620.7740475,33,dip,0.05
2429,budget,hyderabad,chinese,0,0.594973143,11,457.078059,29,side,0.0605
3170,budget,delhi,chinese,1,0.657529491,6,423.218513,28,bread,0.05
1056,mid,bengaluru,arabian,1,0.464245652,4,267.2014838,30,drink,0.1754
3846,premium,bengaluru,fast_food,0,0.446090383,4,557.7129355,2,drink,0.3137
3869,premium,mumbai,north_indian,0,0.673803399,3,557.5291711,4,drink,0.2049
1737,budget,chennai,chinese,0,0.18687893,10,393.9268881,7,side,0.0863
1393,premium,chennai,arabian,1,0.860742096,3,866.3750566,2,starter,0.1666
1185,mid,hyderabad,north_indian,1,0.792346184,3,503.2853632,23,dip,0.0969
3878,budget,pune,fast_food,1,0.49969308,2,547.878273,6,bread,0.1279
1836,budget,pune,north_indian,1,0.376958534,7,798.4862592,4,dip,0.164
3766,mid,bengaluru,fast_food,1,0.585649986,9,782.1186659,10,dip,0.1586
2345,mid,hyderabad,north_indian,0,0.375241488,1,505.9446683,9,bread,0.1483
407,budget,delhi,south_indian,0,0.489124685,5,337.3872877,31,dip,0.095
3002,mid,mumbai,fast_food,0,0.313886952,8,394.4330252,6,bread,0.1564
1900,mid,chennai,continental,1,0.722295912,7,334.34916,7,drink,0.1852
3344,budget,mumbai,desserts,0,0.282979412,4,421.7692777,2,dip,0.1232
2136,mid,delhi,chinese,1,0.582122672,3,989.8251316,6,bread,0.112
3845,budget,bengaluru,italian,1,0.491103874,3,309.2691783,4,side,0.0693
3986,mid,mumbai,south_indian,0,0.76276669,5,799.7620433,3,drink,0.1403
3346,mid,delhi,fast_food,0,0.180108195,8,676.3128772,28,bread,0.1629
878,budget,mumbai,biryani,0,0.589784748,5,280.2504609,1,side,0.0874
3361,mid,mumbai,south_indian,0,0.464887416,4,580.4019977,4,dip,0.1495
548,mid,bengaluru,chinese,1,0.520612616,5,533.7524429,36,drink,0.1022
1160,premium,chennai,desserts,0,0.614465218,6,947.4623942,5,drink,0.2419
2573,mid,pune,south_indian,1,0.520891035,2,489.9597509,35,side,0.1907
2082,premium,mumbai,italian,1,0.493975792,7,616.2939406,6,starter,0.3421
3348,budget,delhi,fast_food,0,0.311103184,6,679.7838909,25,bread,0.0514
357,mid,hyderabad,fast_food,0,0.629091444,7,538.9815071,28,bread,0.1442
1192,mid,delhi,arabian,0,0.563785126,2,414.059802,36,bread,0.1525
2368,premium,mumbai,south_indian,0,0.378573628,4,363.7795506,5,starter,0.2716
2333,budget,hyderabad,arabian,0,0.83806914,12,1395.110653,8,bread,0.05
1898,mid,chennai,continental,0,0.401817456,6,801.7360231,6,drink,0.2518
3410,budget,mumbai,biryani,0,0.23606737,7,508.5088757,5,side,0.1285
2480,premium,mumbai,continental,0,0.567523418,5,245.5392397,6,drink,0.2355
2331,budget,pune,biryani,0,0.225037536,8,879.0010296,3,side,0.1273
3401,mid,mumbai,biryani,0,0.761004223,5,1039.9487,30,bread,0.1127
320,premium,delhi,chinese,0,0.747182955,6,694.0947763,39,dessert,0.1964
3801,mid,mumbai,chinese,0,0.260035038,7,474.925628,10,side,0.1708
2029,budget,delhi,italian,1,0.469696596,6,456.3430576,5,side,0.05
1813,mid,hyderabad,north_indian,1,0.631977291,8,309.1514102,2,drink,0.1463
2057,mid,bengaluru,italian,0,0.773688647,6,445.7673786,4,bread,0.1015
2667,mid,hyderabad,south_indian,1,0.516162174,2,249.4901558,7,dip,0.1674
901,budget,hyderabad,fast_food,0,0.381891228,7,1294.477418,9,side,0.0765
3327,budget,delhi,continental,0,0.67773711,3,639.4362321,36,bread,0.1448
1478,mid,hyderabad,fast_food,0,0.33696408,7,108.3754601,8,drink,0.1975
256,premium,pune,fast_food,0,0.119910827,9,65.6316087,26,drink,0.3168
619,premium,kolkata,chinese,0,0.67943301,4,657.3866996,4,starter,0.2898
2589,mid,mumbai,desserts,1,0.493902109,5,200.6462083,2,drink,0.1741
3295,budget,mumbai,italian,1,0.462017089,4,519.904614,29,dip,0.05
3927,mid,hyderabad,italian,0,0.247451456,5,989.4652678,31,bread,0.2308
1849,budget,hyderabad,biryani,0,0.65953685,4,251.7102992,31,dip,0.0916
981,mid,delhi,south_indian,0,0.35455626,10,813.3011191,28,side,0.2632
3133,mid,bengaluru,south_indian,1,0.4434997,7,524.7635163,3,drink,0.1091
698,budget,delhi,desserts,0,0.471391505,9,125.6865057,4,bread,0.05
3166,mid,pune,continental,1,0.527320758,4,461.6971942,5,drink,0.1104
3860,budget,bengaluru,italian,0,0.562085172,7,761.7635582,5,bread,0.1295
529,premium,delhi,italian,1,0.392828212,8,928.0846069,3,dessert,0.2686
434,budget,delhi,fast_food,1,0.766141477,6,303.3606365,3,bread,0.0641
2811,budget,bengaluru,south_indian,0,0.441027696,3,335.8109259,33,bread,0.0881
3254,premium,mumbai,south_indian,1,0.374026348,6,220.3173012,3,drink,0.3047
2828,mid,mumbai,italian,1,0.388356054,5,536.1064637,35,drink,0.1864
2759,budget,delhi,continental,1,0.565139261,11,935.8244811,3,side,0.0627
474,budget,pune,chinese,0,0.474159863,6,612.2275268,7,bread,0.1169
1230,mid,mumbai,chinese,1,0.877488521,3,867.7749428,4,side,0.2035
2379,budget,delhi,arabian,0,0.342634088,10,777.2081947,7,bread,0.0764
3369,budget,hyderabad,chinese,1,0.520429341,2,502.3035692,6,side,0.1065
3383,budget,delhi,biryani,1,0.440270059,6,202.5037347,6,dip,0.0897
343,budget,hyderabad,chinese,0,0.595995362,7,242.6366246,6,bread,0.05
2650,budget,delhi,italian,0,0.413716692,12,427.8025939,25,side,0.0944
3350,budget,hyderabad,arabian,1,0.800807689,12,657.8937251,9,bread,0.0832
3313,mid,kolkata,italian,1,0.627831938,9,1037.323489,5,dip,0.1429
1199,mid,hyderabad,italian,1,0.595927371,8,579.7521928,5,dip,0.2407
488,premium,delhi,north_indian,0,0.499649899,10,501.4124983,3,drink,0.288
1064,budget,delhi,italian,0,0.733472964,4,440.2592719,4,bread,0.05
153,mid,mumbai,south_indian,0,0.646319136,6,1135.98472,6,side,0.0814
3305,budget,chennai,north_indian,1,0.350673115,6,605.0507383,7,bread,0.1507
2559,mid,pune,biryani,0,0.625955563,10,427.4033971,3,side,0.1093
3113,premium,bengaluru,italian,1,0.344353141,4,805.7082494,2,starter,0.3544
54,budget,hyderabad,italian,0,0.545544866,7,488.0074705,5,dip,0.0693
484,premium,mumbai,italian,1,0.674571418,6,544.6859249,7,starter,0.3031
3422,mid,delhi,north_indian,0,0.163915561,8,302.9347923,4,drink,0.2237
2744,budget,mumbai,north_indian,0,0.241195669,11,364.3087159,6,dip,0.15
680,budget,bengaluru,north_indian,0,0.250705011,5,579.7078077,5,side,0.1086
3479,budget,delhi,arabian,0,0.271764783,8,486.3527499,4,side,0.086
3642,mid,mumbai,north_indian,0,0.433703513,5,556.6575686,38,dip,0.1154
1465,budget,hyderabad,north_indian,1,0.604247474,8,801.9473383,6,bread,0.1068
3513,premium,chennai,fast_food,0,0.648365707,9,309.3843927,34,drink,0.1919
2849,budget,chennai,chinese,0,0.274366576,5,292.692322,6,bread,0.0691
3081,budget,bengaluru,desserts,1,0.805065592,6,196.8379432,5,bread,0.05
2463,premium,bengaluru,arabian,0,0.274751081,6,860.1174863,2,starter,0.2356
2050,mid,pune,fast_food,0,0.613232076,7,1234.94688,30,dip,0.1132
1829,premium,hyderabad,north_indian,0,0.45579103,5,823.5143812,8,starter,0.2544
1509,mid,chennai,south_indian,1,0.279344379,7,254.9643927,9,bread,0.2188
2990,budget,pune,chinese,0,0.633343096,6,838.7000181,30,dip,0.0566
2721,premium,delhi,italian,0,0.805065319,6,578.255312,30,starter,0.1958
2170,premium,mumbai,north_indian,1,0.674234238,4,577.8627768,5,drink,0.2358
3823,budget,chennai,continental,1,0.95,8,331.9750442,3,side,0.05
414,budget,mumbai,biryani,1,0.452431052,5,1028.975389,2,bread,0.1118
412,budget,chennai,desserts,1,0.413209923,7,258.8476623,3,dip,0.0811
1389,mid,chennai,north_indian,1,0.255515913,2,490.639826,3,side,0.1739
2656,budget,mumbai,south_indian,1,0.306528995,6,325.1793361,5,side,0.05
2265,mid,hyderabad,italian,0,0.795853265,2,389.3101429,5,drink,0.1274
563,mid,bengaluru,arabian,0,0.321394838,7,623.1908817,3,dip,0.2087
1563,budget,bengaluru,south_indian,0,0.611855924,5,998.9737909,23,side,0.0753
609,premium,hyderabad,north_indian,1,0.530198958,4,807.7400419,1,drink,0.2741
3743,premium,bengaluru,south_indian,1,0.794230583,10,239.7148825,4,drink,0.2158
3434,premium,mumbai,fast_food,1,0.609909913,7,642.4113719,8,starter,0.1597
3536,budget,mumbai,chinese,1,0.748074553,6,761.811239,7,bread,0.05
760,mid,chennai,biryani,1,0.509371918,9,190.3393846,6,side,0.0785
3730,budget,bengaluru,chinese,0,0.918877273,6,521.4894307,46,side,0.0779
1032,budget,pune,north_indian,0,0.608976819,3,598.3834261,7,bread,0.1109
498,premium,delhi,continental,0,0.805576301,8,697.7793307,6,starter,0.151
3663,budget,kolkata,italian,0,0.378926831,5,684.0332451,9,bread,0.1047
2004,budget,pune,arabian,0,0.385918916,8,535.0789749,5,side,0.1737
571,budget,chennai,biryani,1,0.452356184,7,190.6370566,27,bread,0.0635
1031,mid,delhi,italian,1,0.450301903,5,807.6866545,4,dip,0.1007
3959,budget,delhi,chinese,0,0.259908359,8,129.6142806,5,dip,0.0988
3821,mid,hyderabad,arabian,0,0.175906953,1,735.0562168,7,bread,0.1918
3146,mid,kolkata,chinese,1,0.459322475,8,674.9710067,3,side,0.1363
1266,mid,bengaluru,biryani,0,0.087810533,6,591.6752085,6,bread,0.2241
1038,mid,delhi,italian,0,0.66005969,8,430.6068327,8,drink,0.1529
3294,premium,mumbai,north_indian,1,0.596870626,4,699.6791874,3,dessert,0.216
2521,budget,bengaluru,arabian,1,0.597105328,7,378.211205,5,bread,0.05
3818,budget,pune,south_indian,1,0.472038327,4,814.819078,10,bread,0.0646
3005,mid,bengaluru,south_indian,1,0.424986862,9,1101.129094,28,drink,0.2316
1415,mid,mumbai,north_indian,1,0.58684042,4,1161.515772,37,bread,0.1126
1626,budget,delhi,south_indian,0,0.293090749,12,476.3219344,6,bread,0.1415
422,mid,hyderabad,chinese,0,0.507493521,10,1305.466453,9,side,0.2022
3047,budget,mumbai,fast_food,1,0.457341685,6,302.698919,3,dip,0.0832
198,mid,hyderabad,arabian,1,0.343497831,7,646.1739497,1,bread,0.2621
3315,budget,hyderabad,south_indian,0,0.533217425,7,621.8319642,6,side,0.0817
1441,mid,delhi,continental,0,0.352147473,4,484.4889736,5,dip,0.1858
2714,budget,hyderabad,north_indian,0,0.491705062,2,540.2688861,30,dip,0.1143
352,mid,chennai,biryani,1,0.452775689,10,336.3527965,6,dip,0.167
3,mid,hyderabad,italian,0,0.39651961,5,1063.567539,3,drink,0.1612
1996,premium,hyderabad,south_indian,0,0.48400079,8,998.7915333,3,drink,0.2347
826,budget,hyderabad,chinese,0,0.465531122,5,276.0956423,6,dip,0.1209
568,premium,chennai,chinese,0,0.496442805,6,495.9789092,5,drink,0.234
485,premium,hyderabad,desserts,1,0.244365568,8,201.5881858,3,drink,0.2824
1914,budget,pune,arabian,0,0.334801805,11,1224.096031,4,side,0.0622
3516,mid,bengaluru,arabian,0,0.634750467,4,789.282619,8,drink,0.2142
562,premium,chennai,north_indian,0,0.343289099,8,486.9991088,39,dessert,0.2733
2465,mid,mumbai,chinese,0,0.583785942,9,567.3912641,3,side,0.2085
649,premium,mumbai,continental,0,0.348302965,5,332.0440836,5,starter,0.3571
2604,budget,chennai,fast_food,1,0.473915394,6,383.4325966,9,side,0.1003
1578,mid,mumbai,fast_food,0,0.490435529,5,553.517067,25,side,0.0744
2959,mid,bengaluru,north_indian,1,0.343521946,5,1040.11653,22,bread,0.2313
3612,budget,hyderabad,north_indian,1,0.438754589,5,417.991494,9,side,0.0691
3916,budget,bengaluru,desserts,0,0.530366829,7,370.3797985,6,side,0.0691
2995,premium,hyderabad,south_indian,1,0.413137845,4,887.7475044,7,starter,0.1627
2766,mid,bengaluru,south_indian,1,0.575035858,5,725.4733307,6,dip,0.1446
397,mid,bengaluru,biryani,0,0.660668056,3,839.0207874,11,drink,0.1468
1257,budget,mumbai,south_indian,0,0.704603823,6,635.5302305,29,dip,0.05
1394,mid,kolkata,arabian,0,0.15611455,7,290.9309009,29,dip,0.1229
313,budget,bengaluru,continental,1,0.448763252,5,398.1381359,6,bread,0.0832
227,budget,bengaluru,north_indian,1,0.514402407,9,1156.692399,5,dip,0.051
2141,budget,bengaluru,italian,0,0.482399142,5,340.8839865,4,bread,0.0838
2733,mid,chennai,chinese,0,0.326683533,7,140.4838725,5,side,0.1945
2080,budget,mumbai,arabian,0,0.509869703,6,712.4759643,5,dip,0.0609
3125,budget,pune,south_indian,1,0.602313116,5,495.2268856,5,side,0.1257
1453,budget,mumbai,arabian,0,0.684405612,6,1316.101418,34,side,0.05
1343,mid,mumbai,north_indian,0,0.348268986,10,597.4753268,6,bread,0.2104
714,mid,hyderabad,arabian,1,0.502521659,9,255.4662971,37,drink,0.1303
1139,mid,pune,north_indian,1,0.618146902,8,580.9717718,3,bread,0.1479
3857,mid,chennai,continental,1,0.95,5,151.6320063,5,dip,0.0797
2974,mid,mumbai,continental,0,0.658097595,3,682.3261604,7,bread,0.05
509,budget,delhi,italian,0,0.747116393,11,408.6797732,13,bread,0.0785
178,mid,chennai,north_indian,1,0.804457029,5,509.9940405,25,dip,0.0685
2204,budget,delhi,fast_food,0,0.08662893,5,536.5257884,7,dip,0.18
3044,budget,pune,fast_food,0,0.581273899,5,97.86807412,6,bread,0.05
2112,budget,bengaluru,north_indian,0,0.548408048,6,581.3503853,7,dip,0.05
1628,budget,delhi,biryani,0,0.867989758,11,1003.625291,4,bread,0.05
3476,budget,mumbai,continental,0,0.714874136,3,521.3098728,26,side,0.0697
2127,premium,bengaluru,fast_food,1,0.380537988,7,178.1646068,2,drink,0.2556
1021,budget,bengaluru,biryani,0,0.475620166,9,583.643462,6,dip,0.078
2226,mid,bengaluru,italian,1,0.625137181,5,782.7778024,4,bread,0.1157
2243,budget,bengaluru,continental,0,0.348965744,6,910.6893631,1,dip,0.054
2843,budget,delhi,italian,0,0.652207302,5,592.7799786,6,bread,0.05
2424,mid,pune,italian,0,0.70617527,4,1010.687971,35,dip,0.1239
1314,budget,hyderabad,chinese,0,0.561343195,8,612.9093906,4,dip,0.0801
3677,mid,delhi,chinese,0,0.534481053,3,714.6344884,5,side,0.0983
3156,budget,bengaluru,south_indian,0,0.429505105,13,521.6085658,7,side,0.0773
2590,mid,mumbai,chinese,1,0.067918444,8,630.2622906,34,drink,0.1665
3544,mid,bengaluru,italian,0,0.570310584,3,1280.272496,4,side,0.1233
3697,budget,mumbai,south_indian,1,0.561835681,6,283.1526634,7,dip,0.05
2676,mid,hyderabad,arabian,0,0.523769914,5,591.5909261,2,bread,0.1966
3770,premium,mumbai,south_indian,0,0.275945723,5,730.2021105,30,drink,0.2396
3998,budget,hyderabad,fast_food,1,0.569475843,6,570.5251028,6,dip,0.053
2784,budget,bengaluru,north_indian,0,0.644237977,6,168.8969392,8,side,0.05
2400,premium,chennai,chinese,0,0.576862161,4,125.5049979,3,dessert,0.2375
3418,budget,pune,continental,1,0.637562762,6,1133.134928,5,bread,0.1196
3312,budget,hyderabad,arabian,0,0.187099578,6,513.5422189,5,bread,0.0789
3232,mid,bengaluru,italian,1,0.860032241,7,466.8035582,2,bread,0.05
3144,mid,mumbai,chinese,0,0.407497181,7,545.3663273,29,bread,0.1276
1855,mid,mumbai,continental,0,0.620223002,10,934.1058525,30,drink,0.1061
18,budget,hyderabad,italian,1,0.261427989,7,770.6593439,14,bread,0.1165
2485,mid,chennai,continental,0,0.589971134,5,1011.950554,6,side,0.1429
2280,budget,mumbai,north_indian,0,0.567732898,8,475.778284,6,dip,0.05
469,mid,kolkata,fast_food,1,0.33984915,11,272.7920066,2,drink,0.1718
2135,premium,mumbai,south_indian,1,0.607317975,4,1993.842758,7,starter,0.2706
191,premium,chennai,fast_food,0,0.412861372,3,324.576045,5,dessert,0.2456
3504,premium,hyderabad,biryani,1,0.288159367,7,381.559619,1,drink,0.2767
2184,mid,mumbai,chinese,0,0.536122104,7,1151.937062,4,side,0.1761
3803,mid,bengaluru,chinese,0,0.353092475,4,530.5714353,4,dip,0.1932
3261,budget,mumbai,north_indian,0,0.381154007,9,160.5390496,6,dip,0.0715
968,budget,bengaluru,biryani,0,0.355003381,7,340.618048,4,side,0.0943
1053,premium,chennai,desserts,0,0.778453814,5,206.1702276,0,dessert,0.1877
3045,budget,bengaluru,south_indian,0,0.544158763,8,1472.992357,14,dip,0.074
873,premium,bengaluru,continental,1,0.684573273,7,345.8780739,7,dessert,0.2646
2582,budget,mumbai,fast_food,1,0.524267158,6,1457.721038,4,dip,0.0836
2392,budget,kolkata,arabian,0,0.592538043,7,673.3357607,3,bread,0.0607
1086,mid,delhi,south_indian,0,0.292803015,3,392.5928514,29,bread,0.2333
1228,budget,mumbai,biryani,1,0.285022717,7,369.313178,29,dip,0.0901
3465,budget,kolkata,south_indian,0,0.280565537,5,232.7747242,32,side,0.0661
839,mid,delhi,continental,0,0.124755315,8,235.5471186,2,drink,0.1709
3454,premium,delhi,arabian,0,0.51167966,5,319.6298993,24,drink,0.2672
3557,budget,bengaluru,fast_food,0,0.779020615,8,982.7028801,40,side,0.05
2253,mid,pune,italian,0,0.60675691,1,244.2574147,5,drink,0.2069
1837,budget,delhi,continental,1,0.449272896,13,678.1525246,6,side,0.0514
1006,budget,mumbai,arabian,0,0.608115564,9,860.0504785,27,dip,0.0737
3405,budget,hyderabad,desserts,1,0.769851708,10,1107.567234,30,dip,0.05
635,budget,mumbai,arabian,0,0.336748151,7,478.1676019,4,bread,0.05
112,budget,chennai,north_indian,0,0.740447244,3,486.7267858,7,bread,0.0694
3020,mid,delhi,south_indian,0,0.630581702,8,281.4109767,5,drink,0.1167
1689,mid,delhi,arabian,0,0.685065097,5,679.8476773,4,dip,0.0828
2255,mid,hyderabad,fast_food,1,0.491349486,1,668.8177461,8,bread,0.218
584,premium,mumbai,chinese,0,0.587316717,8,596.9029834,27,dessert,0.2724
3438,budget,chennai,fast_food,1,0.763752885,12,197.8518433,3,bread,0.05
2177,mid,mumbai,italian,0,0.435251273,2,563.1127163,22,dip,0.1828
2639,budget,pune,biryani,1,0.584053042,4,434.7671143,9,bread,0.1043
3355,budget,mumbai,fast_food,1,0.868564434,3,853.6061805,4,side,0.05
534,budget,delhi,italian,0,0.44215059,5,287.0167315,5,dip,0.0792
3403,budget,pune,continental,0,0.679883487,5,121.9770554,23,bread,0.1126
1907,premium,hyderabad,chinese,1,0.296517874,10,420.0612661,8,dessert,0.3064
1929,premium,mumbai,continental,1,0.475024194,9,825.6004833,7,drink,0.3118
1586,mid,pune,italian,0,0.599074237,7,571.8323004,8,bread,0.1867
68,budget,kolkata,fast_food,1,0.064295151,5,1031.582945,2,dip,0.2184
3945,budget,bengaluru,south_indian,0,0.764529873,4,615.3791697,32,dip,0.05
3613,mid,pune,south_indian,0,0.440497192,5,641.5479724,39,dip,0.1386
2235,budget,kolkata,continental,0,0.396868763,5,1493.472327,36,dip,0.1614
938,premium,pune,biryani,1,0.507059115,6,844.8058382,27,drink,0.2265
1504,mid,chennai,continental,0,0.480703343,5,657.9150001,24,dip,0.1869
1402,budget,hyderabad,north_indian,1,0.453480174,5,368.4397552,50,bread,0.0783
2580,mid,delhi,biryani,0,0.641462395,9,397.4842324,5,dip,0.2245
2180,mid,delhi,chinese,0,0.573167845,8,259.2065059,25,dip,0.1501
2543,mid,bengaluru,south_indian,1,0.789849514,12,742.3928813,6,dip,0.0923
2329,budget,bengaluru,chinese,0,0.595847103,4,789.988994,2,bread,0.0632
3242,budget,bengaluru,north_indian,0,0.626576336,8,1505.648468,30,bread,0.051
3038,budget,delhi,biryani,0,0.118783528,7,473.7013823,4,dip,0.13
2308,budget,chennai,chinese,0,0.310945112,6,330.66053,2,side,0.1355
1203,mid,mumbai,fast_food,0,0.613488635,4,628.7274586,4,bread,0.1219
3610,budget,bengaluru,biryani,1,0.5821403,6,192.22248,7,bread,0.0721
2025,premium,hyderabad,fast_food,0,0.740951436,8,727.8007371,3,starter,0.2286
564,budget,chennai,north_indian,0,0.728244849,8,1690.58108,6,dip,0.05
3711,mid,chennai,south_indian,1,0.406320506,6,51.05432411,36,bread,0.1725
1547,mid,bengaluru,italian,1,0.558183101,7,549.427007,24,dip,0.1828
840,mid,hyderabad,italian,1,0.663505289,2,896.5744302,11,bread,0.1608
707,budget,mumbai,chinese,1,0.384789462,8,1329.174631,23,bread,0.1066
1967,budget,mumbai,south_indian,1,0.646959435,6,408.5872541,37,dip,0.0877
3521,budget,hyderabad,fast_food,0,0.598768906,10,446.9270417,30,dip,0.0691
3387,mid,mumbai,italian,1,0.584082837,9,1047.236286,28,dip,0.1616
2745,premium,delhi,fast_food,0,0.736073167,6,848.2702616,31,starter,0.1828
9,mid,chennai,continental,1,0.718726657,0,733.110558,4,drink,0.1566
350,mid,mumbai,continental,0,0.647072372,3,1600.993557,5,dip,0.1455
197,budget,delhi,fast_food,1,0.05,13,528.1192202,33,side,0.0712
90,budget,bengaluru,fast_food,0,0.462313666,7,482.5234065,9,bread,0.0959
813,mid,delhi,biryani,1,0.551744708,6,558.9054167,4,dip,0.1156
3143,mid,bengaluru,chinese,0,0.397582895,9,94.21426974,6,side,0.1096
1072,budget,bengaluru,italian,0,0.594351827,3,268.3877522,4,bread,0.0722
1234,mid,hyderabad,continental,1,0.334287255,7,649.7778183,3,bread,0.2057
1061,mid,kolkata,chinese,0,0.920648495,5,721.61089,5,side,0.1251
1672,budget,mumbai,desserts,0,0.26673215,5,1075.376802,36,side,0.172
2476,budget,bengaluru,biryani,0,0.503330663,8,1131.803149,6,bread,0.05
588,mid,hyderabad,arabian,1,0.626190242,3,402.2021533,7,side,0.1627
2334,budget,bengaluru,biryani,0,0.609748051,3,935.6236079,4,dip,0.0653
705,premium,mumbai,biryani,0,0.296828241,4,477.2695232,3,drink,0.2752
2861,budget,hyderabad,desserts,0,0.164941026,6,762.0643278,4,bread,0.1426
3675,budget,hyderabad,continental,0,0.596933164,8,341.2072784,26,side,0.1055
2825,budget,delhi,chinese,1,0.321444716,8,314.8388524,4,bread,0.05
2689,budget,hyderabad,desserts,0,0.658193377,4,587.5321493,4,side,0.05
430,budget,hyderabad,south_indian,0,0.181672957,3,485.4839333,26,side,0.1216
1830,budget,chennai,desserts,0,0.103927133,4,418.5340649,4,dip,0.0772
2602,mid,pune,chinese,1,0.482766589,8,656.2715856,0,drink,0.1457
338,budget,chennai,continental,0,0.394064535,8,475.4398301,6,side,0.1087
1712,premium,mumbai,italian,0,0.350467589,7,762.1748152,32,dessert,0.2961
3329,mid,bengaluru,italian,1,0.613119814,4,520.5595171,6,dip,0.1126
325,mid,hyderabad,north_indian,1,0.618566826,7,116.8438376,2,side,0.1476
3057,budget,kolkata,fast_food,0,0.591352891,3,876.7243283,2,bread,0.05
3706,budget,bengaluru,arabian,1,0.73211587,7,710.4136957,3,dip,0.1031
1938,mid,mumbai,south_indian,1,0.353879518,6,758.9715842,5,drink,0.1703
593,premium,mumbai,chinese,0,0.315884676,2,1233.304435,1,dessert,0.2824
1432,premium,bengaluru,desserts,0,0.347845275,5,486.044963,4,dessert,0.2761
1087,mid,chennai,desserts,1,0.651535817,7,331.1704133,36,drink,0.1272
421,mid,kolkata,italian,0,0.509462155,4,1083.650785,7,dip,0.1552
371,mid,kolkata,north_indian,1,0.61436423,5,794.9207892,10,side,0.1356
3694,budget,bengaluru,fast_food,1,0.546858298,2,693.3096754,34,side,0.1003
2659,premium,bengaluru,chinese,0,0.602772771,5,292.1468042,5,starter,0.2344
3907,mid,chennai,chinese,0,0.736433216,2,692.0528402,28,side,0.1862
3068,budget,hyderabad,chinese,1,0.470054643,7,485.6577024,9,bread,0.05
3627,premium,mumbai,north_indian,1,0.361231531,10,959.368887,7,drink,0.2759
2173,mid,mumbai,arabian,0,0.454746312,9,578.9698635,5,drink,0.1987
2346,budget,bengaluru,desserts,0,0.427710825,2,801.9925304,35,side,0.05
2324,mid,bengaluru,continental,0,0.220306257,5,664.6484123,5,bread,0.2722
2664,mid,hyderabad,north_indian,0,0.636955218,4,1021.175677,4,side,0.1357
11,budget,pune,fast_food,0,0.05,7,406.330942,33,bread,0.1013
375,budget,hyderabad,north_indian,0,0.338446382,7,468.8320459,8,dip,0.1399
173,budget,pune,arabian,1,0.632104343,5,604.8385183,30,bread,0.0893
3373,mid,mumbai,italian,0,0.59937169,3,501.8139164,4,drink,0.1605
3483,premium,delhi,fast_food,0,0.190174113,6,585.9926959,1,starter,0.3187
241,budget,delhi,biryani,0,0.480413418,11,290.1639522,30,bread,0.0777
1939,premium,chennai,biryani,0,0.691947513,10,1119.559682,4,starter,0.1981
1694,mid,mumbai,desserts,1,0.773365507,3,431.539375,3,drink,0.1122
130,premium,bengaluru,arabian,1,0.273371822,8,245.4777468,4,starter,0.307
2477,mid,hyderabad,continental,1,0.599868327,2,229.8522564,2,dip,0.1698
2535,budget,chennai,south_indian,1,0.533097537,5,573.2050815,3,side,0.0575
1734,budget,pune,biryani,0,0.05,2,302.5728125,36,side,0.1119
955,budget,delhi,continental,0,0.212035939,4,1040.551401,32,side,0.1298
3451,budget,delhi,arabian,1,0.699863833,6,1369.235801,3,side,0.0791
3855,budget,mumbai,south_indian,0,0.259055961,9,233.7815781,7,dip,0.104
1332,mid,hyderabad,chinese,1,0.551787611,4,787.5796956,4,dip,0.0709
624,mid,delhi,fast_food,1,0.581469765,6,704.1531159,26,side,0.1769
2718,budget,pune,biryani,1,0.442929921,6,749.0474053,3,side,0.0816
1392,budget,bengaluru,biryani,1,0.274936746,4,171.9737598,7,dip,0.1047
2715,budget,delhi,chinese,0,0.254929665,5,211.7089548,7,side,0.05
971,budget,mumbai,biryani,0,0.432640794,6,657.3315776,1,side,0.225
782,mid,pune,italian,1,0.614245117,5,508.8858072,5,side,0.1757
3634,premium,bengaluru,italian,0,0.744768903,2,613.8917072,4,dessert,0.1921
1698,mid,bengaluru,south_indian,1,0.548155093,6,276.2546252,33,drink,0.1622
1145,budget,pune,north_indian,1,0.718284535,4,296.6946827,3,bread,0.0799
3980,mid,bengaluru,desserts,0,0.397232119,3,1651.465428,7,dip,0.1849
2163,mid,hyderabad,north_indian,0,0.408942464,5,650.0381306,5,drink,0.1211
3457,budget,delhi,italian,0,0.543443,9,306.1473684,28,dip,0.0804
1498,budget,chennai,arabian,0,0.270028816,7,368.6107691,5,bread,0.1858
3300,budget,chennai,south_indian,1,0.413594496,8,607.6852018,37,side,0.1042
3744,mid,mumbai,chinese,0,0.180972486,1,242.4663117,7,bread,0.1978
3587,premium,chennai,chinese,0,0.389848121,4,629.42812,5,drink,0.3351
2087,budget,bengaluru,desserts,1,0.05,5,407.4159253,5,bread,0.1886
2488,budget,kolkata,arabian,0,0.610527452,11,1276.312279,8,dip,0.05
2720,mid,pune,italian,1,0.905818524,5,707.5505785,7,bread,0.1073
1357,budget,mumbai,arabian,0,0.610339027,7,357.8102147,5,bread,0.1412
896,mid,pune,italian,0,0.641468941,9,579.3528898,2,bread,0.1818
3937,budget,mumbai,arabian,0,0.388613576,4,1070.110062,5,side,0.0592
3816,budget,bengaluru,italian,1,0.835682256,7,601.8129993,8,bread,0.05
2403,mid,delhi,arabian,1,0.521459074,8,447.9286583,34,drink,0.1265
81,mid,bengaluru,italian,0,0.593456057,5,100.7556914,4,drink,0.1574
3983,budget,hyderabad,south_indian,1,0.95,6,895.4041031,9,side,0.05
1180,mid,mumbai,desserts,0,0.631055541,8,1152.332868,30,dip,0.1799
1817,mid,mumbai,chinese,1,0.461459282,7,832.5100456,3,side,0.1352
2322,mid,hyderabad,arabian,1,0.622697974,5,339.748081,5,bread,0.1069
214,premium,chennai,desserts,0,0.366152691,6,779.3596629,3,dessert,0.2915
1823,budget,bengaluru,chinese,0,0.484369478,10,515.1207744,6,dip,0.0752
87,mid,bengaluru,arabian,0,0.651655669,8,263.7998482,5,drink,0.1835
3681,budget,bengaluru,arabian,1,0.275331362,5,557.840616,6,side,0.1202
2222,budget,delhi,south_indian,0,0.272005934,7,1463.398237,3,side,0.1334
3052,mid,chennai,arabian,0,0.51926796,5,715.5453912,7,bread,0.1516
553,mid,mumbai,desserts,0,0.291626535,3,387.1028201,23,bread,0.1528
3219,mid,hyderabad,arabian,1,0.709491713,2,446.7933836,2,drink,0.1849
3671,budget,bengaluru,arabian,0,0.25767859,7,841.8996368,6,side,0.0718
1410,mid,hyderabad,fast_food,1,0.614224464,9,963.83962,31,side,0.1857
3577,budget,hyderabad,fast_food,0,0.381629078,6,124.05958,1,bread,0.1396
850,premium,delhi,south_indian,0,0.598048976,2,713.2133027,3,drink,0.2451
849,budget,chennai,desserts,1,0.215742305,6,304.5217026,36,side,0.1028
1405,mid,bengaluru,fast_food,0,0.511975246,4,1010.455815,1,dip,0.1405
2191,mid,chennai,italian,1,0.219963496,6,498.5827059,3,bread,0.1749
3161,budget,chennai,fast_food,0,0.413806508,6,370.6514723,44,dip,0.0895
718,premium,hyderabad,chinese,1,0.05,6,515.07993,7,drink,0.3647
297,mid,chennai,arabian,0,0.488098839,2,262.8375247,39,drink,0.0924
2563,budget,delhi,italian,0,0.561213546,6,348.9334433,4,bread,0.0844
3054,mid,pune,desserts,1,0.327672812,11,488.6331733,3,side,0.175
2201,mid,delhi,south_indian,1,0.306829975,5,356.1624087,33,bread,0.1743
259,budget,bengaluru,south_indian,0,0.588712472,6,283.7729538,3,dip,0.1033
3018,mid,bengaluru,biryani,0,0.853038396,4,181.9844392,1,bread,0.1271
3083,budget,mumbai,north_indian,0,0.508923143,4,674.3973696,29,dip,0.05
1260,budget,chennai,north_indian,1,0.816514092,4,778.3634593,1,side,0.05
3881,budget,mumbai,chinese,1,0.5764219,5,681.180299,29,side,0.1004
1767,budget,pune,biryani,0,0.612485221,2,951.6274868,4,side,0.1688
1482,budget,delhi,fast_food,0,0.701567158,4,1014.343405,3,dip,0.05
2165,mid,delhi,chinese,1,0.287500711,5,514.5170116,3,side,0.1829
805,mid,mumbai,arabian,0,0.630076994,5,873.4696722,8,bread,0.0929
2962,budget,mumbai,italian,0,0.245505365,5,454.2465274,9,dip,0.118
567,budget,bengaluru,chinese,1,0.05,2,376.7207317,7,side,0.1186
163,mid,chennai,biryani,0,0.466661544,7,517.1382017,5,bread,0.1428
186,budget,delhi,chinese,0,0.335623951,6,396.0838539,5,bread,0.1156
2042,budget,mumbai,italian,0,0.71814695,4,270.6882828,3,side,0.1137
1000,budget,delhi,south_indian,0,0.521995248,6,264.6924342,7,dip,0.0744
3100,budget,hyderabad,desserts,1,0.364647908,10,482.7650393,29,bread,0.0667
349,budget,mumbai,south_indian,0,0.326735425,3,149.8762989,5,side,0.1972
424,mid,pune,chinese,0,0.478253823,4,688.4434161,3,drink,0.0965
833,mid,hyderabad,arabian,0,0.79322384,6,516.9739178,2,side,0.1305
543,budget,hyderabad,continental,0,0.509662414,3,310.6884852,27,dip,0.056
2509,budget,pune,north_indian,1,0.85180664,5,1082.571244,2,bread,0.05
460,mid,mumbai,biryani,0,0.706321046,8,877.689863,5,side,0.05
3979,mid,delhi,italian,1,0.538535422,5,405.3177936,3,side,0.1448
703,mid,delhi,south_indian,1,0.24613155,4,313.7980961,41,bread,0.1684
133,budget,kolkata,south_indian,1,0.680937195,9,748.2049644,4,bread,0.05
3104,mid,bengaluru,arabian,0,0.771882251,7,269.3413153,6,side,0.105
1754,premium,bengaluru,desserts,1,0.585943079,7,342.320812,6,drink,0.2416
1510,budget,chennai,fast_food,1,0.620215306,4,982.5598945,7,dip,0.1556
2785,mid,delhi,continental,0,0.417832561,9,356.9318567,3,drink,0.183
1095,mid,bengaluru,south_indian,1,0.607753099,5,184.2061861,4,drink,0.1495
2984,mid,pune,south_indian,0,0.906443091,4,321.2601538,3,bread,0.0816
2474,mid,bengaluru,north_indian,1,0.858884568,4,136.9274602,6,side,0.1232
2224,budget,chennai,fast_food,0,0.516728216,6,554.1505483,25,bread,0.108
503,mid,bengaluru,chinese,0,0.641646133,6,418.1102004,5,side,0.2256
3202,budget,chennai,arabian,0,0.365143794,10,457.3599809,33,bread,0.0807
104,budget,hyderabad,north_indian,0,0.550080254,7,526.1306075,34,side,0.099
2489,premium,chennai,south_indian,0,0.678667913,11,499.4371595,5,drink,0.2346
2595,budget,delhi,continental,1,0.661308106,8,146.4185822,32,dip,0.108
980,mid,pune,arabian,1,0.777710526,2,434.5610631,33,dip,0.1661
3339,budget,mumbai,fast_food,0,0.124700914,7,411.8273215,8,side,0.1267
92,budget,bengaluru,fast_food,0,0.241853105,6,791.4640067,4,side,0.0873
1009,budget,chennai,south_indian,0,0.607971701,11,799.0348488,2,side,0.05
2195,mid,chennai,continental,0,0.757812941,4,97.27240453,34,side,0.0725
2792,budget,delhi,desserts,0,0.68011506,7,384.2237277,7,bread,0.05
2300,budget,mumbai,chinese,0,0.260665905,8,688.8745016,28,side,0.0559
3049,budget,hyderabad,arabian,0,0.637059535,8,514.6650377,5,bread,0.05
2031,budget,bengaluru,desserts,0,0.274471893,6,590.978693,5,dip,0.0696
96,budget,bengaluru,italian,1,0.58748066,4,545.3502389,5,bread,0.1389
2134,budget,hyderabad,desserts,0,0.52937949,8,1140.4399,2,bread,0.05
1059,budget,chennai,continental,0,0.438241954,8,371.2599492,3,bread,0.0624
2269,budget,mumbai,desserts,0,0.311116534,5,224.9833875,31,bread,0.05
702,mid,mumbai,arabian,0,0.56798639,7,1385.187145,4,drink,0.152
30,budget,chennai,south_indian,1,0.270266453,5,552.3828293,3,dip,0.1587
2698,premium,bengaluru,biryani,1,0.493043489,10,305.7244941,6,starter,0.3214
1330,budget,delhi,north_indian,1,0.45586803,7,489.187572,28,side,0.1276
1033,budget,bengaluru,biryani,0,0.308574141,6,906.6620506,23,bread,0.1161
1720,mid,hyderabad,fast_food,1,0.491722971,5,433.2001242,7,dip,0.1412
24,mid,mumbai,desserts,0,0.905759613,7,573.825997,37,drink,0.0972
129,mid,bengaluru,biryani,0,0.283612597,4,669.88402,3,bread,0.1578
3376,mid,bengaluru,south_indian,1,0.735116468,4,993.3518302,7,bread,0.1176
1746,budget,hyderabad,north_indian,0,0.475240547,6,456.2170844,8,bread,0.0645
2700,budget,chennai,biryani,0,0.74425258,8,668.8287286,6,bread,0.0632
3733,mid,hyderabad,italian,0,0.415334624,6,642.299814,3,drink,0.1466
2916,mid,mumbai,arabian,0,0.53658444,1,770.3851872,5,bread,0.1198
1438,budget,delhi,desserts,0,0.644568688,2,1005.457845,36,bread,0.089
2266,budget,bengaluru,arabian,0,0.690569882,3,682.3433466,33,bread,0.05
1747,mid,delhi,desserts,0,0.450085773,7,502.9572398,4,bread,0.2101
3745,premium,mumbai,arabian,1,0.545805274,6,769.0325464,8,dessert,0.3224
2187,mid,delhi,desserts,0,0.05,8,1516.065057,4,dip,0.2897
3715,mid,delhi,chinese,0,0.706168298,10,406.0997558,26,drink,0.1187
812,mid,bengaluru,south_indian,1,0.387772348,6,391.2645287,33,bread,0.0952
3487,mid,hyderabad,south_indian,0,0.460197604,5,728.1114181,5,drink,0.1725
3234,mid,bengaluru,arabian,0,0.129868646,2,986.2878105,5,dip,0.2432
1487,budget,bengaluru,desserts,1,0.557214894,12,306.3441236,5,dip,0.0877
111,mid,mumbai,fast_food,0,0.301979662,5,461.0055429,2,side,0.1191
1964,mid,delhi,south_indian,0,0.513384524,6,489.7428904,4,dip,0.1518
976,mid,pune,biryani,1,0.05,7,349.8153146,0,side,0.2522
1811,premium,bengaluru,south_indian,0,0.491888387,4,450.550716,7,dessert,0.3044
845,premium,delhi,chinese,0,0.450375868,7,918.1019385,28,dessert,0.1729
554,premium,hyderabad,italian,0,0.516616852,8,1043.865418,5,drink,0.1896
3984,premium,chennai,arabian,1,0.4005038,6,968.2504525,7,dessert,0.2572
3793,mid,mumbai,italian,1,0.471334778,5,488.5005982,3,dip,0.1702
260,premium,mumbai,fast_food,1,0.575350498,6,545.068567,6,starter,0.2671
1136,budget,pune,fast_food,0,0.475059315,3,230.8493607,3,dip,0.1247
931,mid,mumbai,desserts,0,0.05,3,106.1040691,6,drink,0.2383
1274,premium,delhi,continental,0,0.717174532,2,346.7911151,5,starter,0.1766
2052,premium,delhi,fast_food,0,0.191672806,13,861.5227184,5,drink,0.2971
2124,premium,delhi,biryani,0,0.786758163,1,517.6860865,5,drink,0.2562
263,mid,pune,fast_food,0,0.424349949,12,454.9982132,5,drink,0.1999
2772,budget,mumbai,biryani,0,0.519930184,6,883.6301493,28,side,0.1439
2169,budget,chennai,south_indian,0,0.26146951,7,469.5823419,2,dip,0.0755
3737,budget,delhi,south_indian,1,0.696728939,9,557.7915061,7,side,0.0528
598,premium,delhi,south_indian,0,0.65963615,5,391.5116178,44,starter,0.2917
1241,budget,bengaluru,south_indian,1,0.471269411,4,1344.625027,9,bread,0.0559
1638,budget,mumbai,north_indian,1,0.381803762,5,2365.147672,8,side,0.1145
2913,budget,mumbai,north_indian,0,0.273628094,5,207.9261137,5,dip,0.118
648,budget,mumbai,desserts,1,0.267222594,6,509.8944406,7,dip,0.05
2306,mid,bengaluru,italian,0,0.331679678,5,369.1349999,3,drink,0.1783
3982,budget,mumbai,south_indian,1,0.487625281,7,329.8926772,5,side,0.0668
1665,premium,bengaluru,south_indian,1,0.685899519,2,820.7846331,39,starter,0.2574
3263,premium,kolkata,desserts,0,0.273920088,8,826.0001009,5,drink,0.3069
3111,budget,bengaluru,fast_food,1,0.553996455,4,1022.633499,11,side,0.0673
675,budget,hyderabad,north_indian,0,0.787330341,3,247.7092556,14,side,0.05
1082,budget,chennai,south_indian,0,0.366949564,8,315.4888365,39,bread,0.0873
2907,budget,hyderabad,continental,0,0.187851874,4,298.6676483,4,bread,0.0805
3076,mid,mumbai,north_indian,1,0.564181887,7,173.6908258,6,bread,0.1144
124,mid,delhi,south_indian,1,0.664845057,5,645.4448783,5,drink,0.172
3597,mid,delhi,biryani,1,0.393901316,6,712.5568985,33,side,0.2442
3109,premium,bengaluru,chinese,1,0.590724416,7,435.9159018,39,dessert,0.2453
2662,budget,mumbai,italian,1,0.147066701,1,457.1769131,9,bread,0.1079
3500,mid,delhi,continental,0,0.768054945,6,1163.152934,4,dip,0.1546
3502,premium,pune,south_indian,1,0.792723813,7,387.6695435,4,drink,0.1737
1513,mid,bengaluru,continental,0,0.699815329,7,704.628776,2,dip,0.0923
213,premium,pune,biryani,1,0.05,9,658.7348342,34,drink,0.3419
120,mid,chennai,arabian,1,0.465862042,3,419.9066342,9,dip,0.1509
3591,premium,hyderabad,biryani,1,0.484704313,6,680.1780691,4,starter,0.2718
2234,budget,mumbai,continental,0,0.486415986,10,389.4505454,6,side,0.05
3417,mid,delhi,arabian,0,0.859302003,10,260.7030286,23,dip,0.161
1091,budget,mumbai,desserts,1,0.591756567,8,295.9235042,6,dip,0.0723
3579,mid,chennai,italian,0,0.403910256,7,694.1288422,5,drink,0.2254
1191,mid,bengaluru,biryani,1,0.497323487,4,318.0601248,1,drink,0.1335
3666,budget,bengaluru,fast_food,1,0.395554183,7,545.6640232,4,bread,0.1082
883,mid,bengaluru,north_indian,0,0.468041829,2,1152.293064,5,drink,0.1688
1456,budget,bengaluru,south_indian,1,0.598963782,7,116.5427785,3,side,0.0823
3817,budget,delhi,north_indian,1,0.379186323,7,311.9298995,5,side,0.05
2146,mid,bengaluru,continental,1,0.601995952,3,650.5160377,3,drink,0.2123
1233,mid,bengaluru,fast_food,1,0.692378126,6,944.7761796,7,dip,0.1138
1300,budget,delhi,desserts,0,0.605662879,8,501.4128556,4,dip,0.071
1194,budget,hyderabad,south_indian,0,0.789752183,6,264.2814301,26,side,0.05
1408,mid,kolkata,biryani,1,0.393377342,5,612.7784211,24,drink,0.1729
2175,mid,hyderabad,arabian,0,0.493219861,5,606.2370624,9,dip,0.1864
370,budget,bengaluru,fast_food,0,0.312548967,10,1032.093048,25,dip,0.0885
1759,mid,delhi,italian,1,0.495898274,3,505.2613995,32,dip,0.1871
3874,mid,bengaluru,continental,1,0.606130174,10,1098.18635,32,side,0.0961
2326,budget,mumbai,biryani,0,0.366285471,6,283.6918018,12,dip,0.1401
1703,budget,pune,south_indian,0,0.62103181,5,490.2670125,6,bread,0.05
3370,budget,chennai,chinese,1,0.95,7,386.0920227,27,bread,0.05
814,budget,bengaluru,fast_food,1,0.697340315,6,180.7594139,5,bread,0.1166
1713,budget,mumbai,italian,0,0.373805384,6,605.3395927,25,side,0.1057
3699,mid,bengaluru,desserts,1,0.337774276,3,512.2190974,9,dip,0.1031
1991,budget,bengaluru,continental,0,0.446927751,6,191.0200185,6,bread,0.0946
403,mid,mumbai,continental,1,0.624713792,10,680.2594982,7,bread,0.2007
2750,budget,mumbai,biryani,0,0.235305619,6,402.9764244,7,side,0.1326
1466,budget,bengaluru,chinese,1,0.433359805,3,320.6701317,5,side,0.126
587,budget,hyderabad,chinese,1,0.524181072,4,1309.821556,6,bread,0.0739
2805,budget,bengaluru,desserts,1,0.590979773,3,458.44328,3,side,0.059
2628,mid,hyderabad,north_indian,0,0.748760688,7,432.2865796,1,drink,0.1002
1430,budget,pune,north_indian,0,0.445527809,3,721.8268553,37,side,0.05
3851,mid,bengaluru,south_indian,0,0.226688677,9,844.8014971,7,dip,0.1696
1193,mid,bengaluru,desserts,1,0.305974694,9,579.592592,25,side,0.2558
581,budget,delhi,italian,0,0.540593141,2,413.0406134,6,dip,0.0518
1449,mid,bengaluru,fast_food,0,0.429657562,8,446.4042504,4,bread,0.2042
992,budget,hyderabad,continental,0,0.484253631,4,353.6267679,31,dip,0.0563
2950,budget,bengaluru,fast_food,1,0.277014206,2,467.9627688,7,bread,0.1182
2819,mid,bengaluru,desserts,1,0.187165411,7,720.2307211,24,side,0.1944
1872,budget,bengaluru,arabian,0,0.95,6,1058.600455,28,side,0.0524
2977,budget,hyderabad,arabian,1,0.575201844,6,469.9753239,5,side,0.171
1488,premium,bengaluru,desserts,1,0.346313105,5,304.9566492,38,drink,0.2942
2800,premium,chennai,continental,1,0.351291261,8,589.2470482,25,drink,0.2304
1866,mid,mumbai,north_indian,0,0.137688715,4,623.1425336,32,bread,0.1953
1867,premium,delhi,north_indian,0,0.39382104,4,627.1515472,6,drink,0.3408
3670,premium,hyderabad,biryani,1,0.626935282,6,579.6903683,5,starter,0.2218
964,mid,delhi,north_indian,1,0.343905737,7,765.5606563,22,drink,0.1701
512,mid,bengaluru,south_indian,1,0.559798828,7,329.9216122,4,bread,0.1291
43,budget,hyderabad,north_indian,0,0.840691449,8,538.330627,9,side,0.05
3338,premium,hyderabad,biryani,1,0.405769536,8,200.2633545,5,drink,0.2791
3374,premium,delhi,desserts,1,0.718492321,9,518.3321215,5,dessert,0.2611
3428,premium,delhi,italian,0,0.696450189,2,588.9193118,25,starter,0.2709
3918,budget,bengaluru,fast_food,0,0.182946524,3,512.4637395,2,side,0.114
1492,budget,bengaluru,fast_food,1,0.795108444,7,74.14141772,6,side,0.05
1207,mid,mumbai,desserts,1,0.459870845,3,812.1844963,3,drink,0.162
1623,budget,hyderabad,south_indian,0,0.211707873,3,546.3679751,5,dip,0.1022
2769,mid,hyderabad,chinese,1,0.622653808,5,637.2864881,28,dip,0.1508
1169,budget,chennai,biryani,1,0.422975346,4,1402.505314,9,bread,0.1039
2908,premium,pune,fast_food,0,0.312136956,9,199.1506064,32,dessert,0.2456
3330,budget,bengaluru,chinese,0,0.268005696,4,854.736458,22,side,0.1256
3649,budget,pune,italian,0,0.388050268,8,194.7843625,30,side,0.0925
518,budget,kolkata,fast_food,0,0.859291294,7,1326.152355,3,side,0.05
1243,mid,hyderabad,fast_food,0,0.47385204,9,1115.538954,4,side,0.1741
2426,premium,mumbai,south_indian,1,0.07949995,8,347.6021734,8,drink,0.3459
940,premium,mumbai,arabian,0,0.614296187,8,935.9579702,2,drink,0.2644
1165,premium,bengaluru,italian,1,0.692836377,7,873.2163829,32,drink,0.2652
586,budget,chennai,arabian,0,0.05,9,683.7472334,5,dip,0.1057
493,mid,delhi,desserts,1,0.468126238,5,391.8402931,9,bread,0.1539
1614,mid,mumbai,north_indian,1,0.323707106,9,1213.438534,32,dip,0.1561
40,budget,bengaluru,chinese,0,0.37043702,6,579.5368958,2,bread,0.0704
1695,budget,bengaluru,arabian,1,0.566897199,5,462.4423184,3,dip,0.1058
3378,mid,bengaluru,italian,1,0.608703502,3,1074.942478,8,bread,0.115
727,mid,bengaluru,biryani,1,0.415204203,6,679.2411374,2,dip,0.2001
621,budget,mumbai,desserts,0,0.382650873,7,762.7666015,6,bread,0.1087
3636,mid,delhi,north_indian,0,0.426296515,1,705.0417526,37,dip,0.184
3067,budget,delhi,chinese,0,0.808070632,10,609.8598147,5,dip,0.1518
2090,budget,chennai,chinese,0,0.439454714,7,462.3855208,6,dip,0.05
2371,mid,delhi,biryani,0,0.662525807,7,215.7812596,3,bread,0.1951
3630,mid,delhi,arabian,0,0.646138968,5,861.9088335,10,drink,0.0822
729,budget,hyderabad,chinese,1,0.741011779,6,480.0839314,3,bread,0.0557
1335,budget,mumbai,north_indian,1,0.333829924,5,611.30957,26,side,0.0863
1317,budget,hyderabad,chinese,0,0.76897958,7,159.0366896,2,dip,0.065
2802,mid,mumbai,italian,0,0.474462426,3,391.3854956,5,bread,0.1474
3891,budget,hyderabad,italian,0,0.264548602,9,375.7765576,3,bread,0.1586
759,budget,bengaluru,south_indian,1,0.505195834,3,841.8674294,5,side,0.1171
1307,budget,delhi,continental,1,0.380004449,7,763.3029585,4,dip,0.0641
2444,mid,bengaluru,arabian,0,0.295997102,7,636.779049,3,bread,0.152
893,budget,hyderabad,south_indian,0,0.523518673,8,875.2563774,7,side,0.1033
3060,mid,hyderabad,north_indian,1,0.558538917,4,766.3300674,2,drink,0.1851
3894,budget,kolkata,continental,0,0.299662172,9,666.7480947,19,dip,0.1249
3478,mid,pune,fast_food,1,0.619013137,11,544.9165924,25,side,0.0722
218,budget,mumbai,desserts,1,0.401254284,8,261.8001666,26,dip,0.102
3988,mid,hyderabad,arabian,0,0.330511455,6,104.993813,19,bread,0.2256
1527,mid,mumbai,arabian,0,0.84892622,8,559.9157659,3,dip,0.09
2764,premium,delhi,italian,0,0.329323532,6,270.6110815,10,starter,0.2765
3746,budget,hyderabad,arabian,0,0.344358929,12,574.6362638,6,side,0.0872
819,budget,bengaluru,italian,0,0.265411055,6,518.7206968,4,dip,0.1089
1360,mid,delhi,chinese,0,0.37311421,4,852.1940341,1,side,0.2066
949,premium,bengaluru,south_indian,1,0.697501618,3,429.8403734,5,starter,0.2591
3077,budget,bengaluru,continental,1,0.916629905,5,361.5441612,8,bread,0.0627
2725,budget,chennai,north_indian,0,0.95,8,533.5851983,3,bread,0.0531
3392,mid,bengaluru,desserts,0,0.60748315,1,292.7942158,31,side,0.1104
1043,mid,chennai,south_indian,0,0.577463738,4,252.5663654,2,side,0.1938
3326,budget,mumbai,continental,0,0.571942599,4,460.9403316,6,dip,0.05
1526,premium,mumbai,biryani,0,0.418294344,3,544.2356566,4,dessert,0.2628
1040,mid,bengaluru,biryani,0,0.256362419,7,632.6021018,4,bread,0.1924
3246,budget,hyderabad,continental,0,0.723033442,10,263.4154147,5,bread,0.0558
3012,budget,bengaluru,south_indian,1,0.493409337,10,737.5379267,28,bread,0.05
3781,budget,hyderabad,biryani,0,0.760639239,8,481.2132883,29,side,0.099
356,mid,mumbai,south_indian,0,0.404499075,2,1856.241525,24,dip,0.2107
2556,mid,pune,desserts,0,0.775687261,3,488.7820604,7,drink,0.139
2237,mid,bengaluru,arabian,1,0.687700669,2,586.7461131,4,dip,0.0768
2293,mid,hyderabad,chinese,1,0.400353978,4,480.173304,5,side,0.1486
2790,budget,bengaluru,north_indian,0,0.510312115,5,255.9574592,32,side,0.05
2701,mid,mumbai,fast_food,0,0.730128378,9,665.6147825,7,drink,0.1304
50,budget,chennai,south_indian,1,0.538520266,5,670.0213734,6,side,0.1098
2710,mid,pune,south_indian,1,0.69082229,8,559.026639,28,side,0.1354
3082,premium,hyderabad,arabian,0,0.535833009,11,641.2855756,5,drink,0.2933
1045,mid,mumbai,north_indian,0,0.451025851,7,389.4843728,5,bread,0.1728
2918,budget,pune,south_indian,0,0.173224664,13,905.0413366,3,bread,0.2177
721,premium,bengaluru,north_indian,1,0.25369205,8,559.5349235,3,drink,0.2454
579,budget,kolkata,north_indian,1,0.247227482,8,267.316821,4,bread,0.1351
1388,premium,hyderabad,desserts,0,0.39000301,9,133.8302424,26,dessert,0.2876
3868,premium,pune,desserts,1,0.472133291,10,849.4826388,4,drink,0.2795
3837,budget,mumbai,desserts,1,0.321038172,6,524.1243422,4,dip,0.05
1605,mid,pune,arabian,1,0.553504572,2,963.3642578,6,side,0.1647
1883,budget,hyderabad,fast_food,0,0.519389983,9,1153.2789,7,bread,0.05
860,budget,hyderabad,chinese,0,0.742919694,7,457.7465535,8,bread,0.05
2365,mid,mumbai,fast_food,1,0.690527252,3,225.0152506,4,bread,0.1882
2678,budget,kolkata,arabian,1,0.351247731,4,328.5430722,4,side,0.05
3652,premium,bengaluru,biryani,0,0.539379863,3,433.7039585,7,starter,0.1906
1905,premium,bengaluru,south_indian,0,0.267216102,3,747.3974978,3,drink,0.2726
1373,mid,hyderabad,arabian,0,0.559105452,8,847.4248999,31,dip,0.1347
2965,budget,mumbai,fast_food,0,0.120612777,11,1682.25019,7,bread,0.1575
1213,budget,bengaluru,south_indian,0,0.44220704,6,567.264945,2,dip,0.05
2719,budget,mumbai,italian,0,0.659146319,4,747.2221549,7,side,0.05
336,budget,pune,continental,1,0.771794846,1,331.9495057,5,dip,0.05
46,mid,bengaluru,fast_food,0,0.655090398,9,1492.694306,4,bread,0.1447
1987,mid,mumbai,south_indian,0,0.343317602,4,569.7333608,2,dip,0.162
3059,premium,hyderabad,continental,1,0.686938962,9,1142.905804,4,dessert,0.2207
3093,mid,hyderabad,italian,0,0.303694456,3,913.5262807,32,bread,0.144
177,mid,hyderabad,biryani,0,0.774612684,6,462.9807709,31,bread,0.1511
2447,budget,mumbai,south_indian,1,0.45854806,6,1032.272944,2,bread,0.1015
1904,budget,hyderabad,desserts,1,0.429330472,4,433.4569456,3,bread,0.1922
970,premium,mumbai,biryani,1,0.527214646,2,790.0975897,2,starter,0.2657
502,mid,pune,desserts,0,0.391696297,5,319.3575552,31,side,0.1829
941,budget,delhi,fast_food,0,0.80630782,10,524.3950994,23,bread,0.0717
3754,mid,delhi,chinese,1,0.325880515,13,644.0905165,8,drink,0.1752
3262,mid,delhi,north_indian,0,0.476326004,7,196.9461697,6,side,0.1867
1440,mid,chennai,biryani,0,0.360170015,1,628.6222458,5,drink,0.1547
956,budget,bengaluru,arabian,1,0.805062042,4,731.2888593,26,bread,0.05
2705,budget,pune,chinese,0,0.670031394,12,1336.172743,10,bread,0.0916
475,premium,delhi,arabian,0,0.643386492,8,514.0361225,4,drink,0.1987
1100,mid,bengaluru,south_indian,0,0.465635086,5,741.6311005,4,drink,0.1984
1709,mid,mumbai,arabian,1,0.365483897,3,375.8519171,6,bread,0.1749
831,mid,hyderabad,south_indian,1,0.603719273,7,321.5209396,5,bread,0.1659
58,budget,delhi,south_indian,0,0.210203515,5,395.6268776,4,bread,0.05
2425,budget,mumbai,south_indian,0,0.612502387,15,538.3039532,4,dip,0.1189
1729,mid,hyderabad,biryani,0,0.263035818,9,209.8972682,2,dip,0.1557
1242,mid,mumbai,arabian,0,0.413617767,6,374.5606192,3,drink,0.1038
1700,budget,mumbai,chinese,1,0.529845339,4,473.2268924,36,bread,0.05
3079,budget,delhi,arabian,0,0.299889827,8,541.7541982,5,bread,0.0548
966,budget,hyderabad,chinese,1,0.354257351,9,507.0285931,25,dip,0.0585
613,budget,mumbai,chinese,0,0.275603876,5,646.6580385,25,side,0.1508
3433,premium,bengaluru,desserts,1,0.331535377,7,534.6422237,6,drink,0.2345
3604,mid,bengaluru,south_indian,1,0.741831366,4,365.0827486,29,dip,0.1746
1783,mid,delhi,desserts,0,0.458127027,6,837.833399,6,dip,0.1165
1036,budget,chennai,desserts,1,0.358447171,3,589.2086261,5,dip,0.0555
1655,mid,bengaluru,continental,1,0.354770555,6,991.3354404,6,side,0.1686
762,budget,delhi,chinese,0,0.501656447,4,592.1758012,3,bread,0.0647
1436,budget,bengaluru,north_indian,1,0.368098953,3,734.2682367,5,bread,0.1033
83,premium,chennai,arabian,0,0.271054552,4,57.36836939,5,drink,0.2552
2021,mid,chennai,fast_food,0,0.748668395,6,314.8766834,3,drink,0.1136
2777,budget,hyderabad,fast_food,0,0.05,8,468.763394,6,dip,0.1732
909,premium,bengaluru,chinese,1,0.401037317,5,546.1989959,5,drink,0.2897
185,mid,kolkata,italian,1,0.683278699,6,546.5049851,6,drink,0.1625
3517,premium,hyderabad,chinese,1,0.808600529,1,384.8030078,5,dessert,0.1509
1049,mid,delhi,north_indian,0,0.445175011,5,46.98488952,7,dip,0.1518
3769,premium,hyderabad,arabian,0,0.780120877,7,615.6726033,4,dessert,0.2369
330,premium,mumbai,south_indian,1,0.544319267,5,549.9398934,4,drink,0.2046
3804,mid,pune,chinese,1,0.349639677,8,320.5160854,4,drink,0.1362
900,mid,mumbai,south_indian,1,0.446901369,11,1122.105569,7,drink,0.1294
1887,budget,bengaluru,fast_food,0,0.618173842,6,567.8441801,6,side,0.0735
1004,mid,mumbai,south_indian,0,0.502053823,8,432.4828407,6,side,0.172
633,budget,hyderabad,fast_food,1,0.622831333,5,335.323503,3,bread,0.0609
618,budget,chennai,arabian,0,0.655624206,9,1042.869952,6,bread,0.05
436,mid,delhi,italian,1,0.584408288,7,391.8785285,6,dip,0.1611
2010,mid,chennai,biryani,1,0.446661532,2,549.7754745,6,dip,0.1716
2058,mid,chennai,desserts,1,0.732617727,5,575.6654361,2,dip,0.1454
3908,mid,delhi,desserts,0,0.449956006,5,917.8346954,4,bread,0.1195
1878,premium,mumbai,desserts,1,0.277526601,11,367.9666623,2,starter,0.2487
73,budget,delhi,south_indian,0,0.50474518,6,480.5389512,2,side,0.1444
1163,budget,mumbai,fast_food,0,0.126475034,9,600.3500148,9,bread,0.1387
1066,premium,pune,biryani,0,0.381224879,16,912.952343,2,dessert,0.2794
569,mid,hyderabad,desserts,1,0.319148288,5,245.7799693,5,drink,0.2062
3416,budget,delhi,continental,0,0.521971608,2,1406.880052,5,bread,0.0526
2644,budget,pune,south_indian,1,0.478136924,2,888.7359993,3,dip,0.0853
1981,budget,chennai,chinese,0,0.394993296,8,322.3605623,6,side,0.05
2009,premium,bengaluru,desserts,0,0.468466952,6,592.5012309,9,drink,0.2809
2199,budget,delhi,south_indian,0,0.655913573,4,401.1473254,4,dip,0.0573
2479,premium,pune,north_indian,0,0.06709369,7,925.1938147,31,starter,0.2567
2809,budget,hyderabad,south_indian,1,0.588899562,6,535.3069835,5,side,0.0756
44,mid,pune,italian,1,0.30430577,6,548.4468093,22,drink,0.162
3934,budget,hyderabad,fast_food,1,0.196538701,7,1092.233303,9,bread,0.1268
2205,budget,mumbai,north_indian,0,0.713389894,4,476.3887018,1,side,0.05
188,budget,pune,south_indian,1,0.903276732,7,419.3655016,9,bread,0.05
3926,budget,mumbai,fast_food,1,0.660823103,8,339.255914,11,bread,0.0672
3472,mid,delhi,desserts,1,0.689525605,4,449.4111875,6,dip,0.1782
379,budget,hyderabad,italian,0,0.485077517,4,599.104406,3,side,0.114
3606,mid,delhi,desserts,1,0.512273408,3,739.1458165,7,dip,0.1859
1993,mid,delhi,desserts,1,0.440904685,5,1152.581119,4,drink,0.1189
2108,budget,kolkata,arabian,0,0.357791015,6,341.2065904,6,side,0.05
546,mid,hyderabad,south_indian,1,0.271741445,10,543.8948264,4,side,0.2093
1271,mid,bengaluru,north_indian,1,0.525595951,6,1054.515955,8,side,0.1171
769,mid,delhi,desserts,0,0.378753025,3,381.5970335,1,drink,0.2177
1630,mid,chennai,chinese,1,0.386920174,7,326.6757168,4,dip,0.1296
2812,mid,chennai,arabian,0,0.565949851,6,568.0002466,4,dip,0.1316
3004,mid,mumbai,north_indian,0,0.836805637,5,785.4841989,8,side,0.129
2622,budget,mumbai,north_indian,0,0.714760954,5,451.2226822,4,dip,0.1141
2771,premium,bengaluru,desserts,0,0.620396722,10,342.9435494,31,dessert,0.2978
611,mid,kolkata,desserts,1,0.574561127,9,415.6419859,5,side,0.1042
1546,budget,delhi,arabian,0,0.857790814,7,449.8654282,3,bread,0.05
2845,mid,delhi,chinese,1,0.306185257,7,1105.482856,8,drink,0.2182
1958,budget,chennai,continental,0,0.780380852,4,450.6033109,23,bread,0.0975
1555,budget,hyderabad,continental,0,0.385621784,6,210.1712354,27,dip,0.0939
1731,budget,hyderabad,south_indian,0,0.91865053,8,632.6622153,5,side,0.05
2166,budget,pune,biryani,0,0.447282397,8,151.178501,27,dip,0.1203
3958,budget,delhi,desserts,0,0.378138583,8,482.6991649,4,bread,0.0894
236,premium,mumbai,chinese,0,0.545704435,0,887.2678575,8,dessert,0.2723
696,mid,bengaluru,desserts,0,0.197425712,2,508.4084153,8,dip,0.1751
3969,budget,chennai,north_indian,0,0.609276713,7,328.8222901,6,side,0.1093
2361,mid,bengaluru,chinese,0,0.587628826,8,821.3160962,5,drink,0.2104
2104,budget,bengaluru,italian,1,0.274237957,7,505.9214079,1,side,0.0803
912,mid,delhi,north_indian,1,0.402408018,9,1121.362192,28,drink,0.2021
2579,budget,chennai,arabian,0,0.541688445,5,689.3784655,25,bread,0.1513
1819,mid,kolkata,fast_food,0,0.165137744,7,699.8492575,3,bread,0.1411
3987,budget,hyderabad,desserts,0,0.66075205,3,548.8189588,4,bread,0.05
1298,mid,chennai,arabian,1,0.05,3,187.9960436,8,drink,0.2613
2264,mid,hyderabad,biryani,0,0.278995821,4,510.1277812,6,bread,0.2449
1585,mid,delhi,north_indian,0,0.687082628,7,792.3746762,30,bread,0.1266
3151,budget,chennai,fast_food,0,0.768825102,7,275.0331723,2,side,0.0571
2948,mid,mumbai,biryani,0,0.850278386,5,175.4271,25,bread,0.1204
1130,budget,delhi,arabian,0,0.894913061,9,1409.221354,26,bread,0.0668
2220,budget,delhi,arabian,0,0.518081954,2,608.8521095,6,dip,0.0878
537,budget,delhi,arabian,0,0.529859149,3,920.6243237,9,side,0.0925
1251,budget,chennai,fast_food,0,0.516011754,7,480.8278356,7,dip,0.1153
1105,mid,chennai,fast_food,0,0.085417841,6,521.9535306,21,side,0.167
508,mid,delhi,continental,0,0.177063987,9,942.6892052,2,dip,0.211
1451,budget,delhi,fast_food,1,0.706470795,6,211.1105906,6,dip,0.0835
3308,budget,mumbai,continental,1,0.828760444,4,489.2774554,6,bread,0.05
3893,mid,chennai,arabian,1,0.787222536,4,418.6942637,8,bread,0.1163
1716,mid,hyderabad,italian,0,0.160773852,7,867.1162942,6,bread,0.2152
2695,budget,chennai,north_indian,1,0.638756454,2,357.8326268,4,bread,0.0806
3051,budget,mumbai,south_indian,0,0.217150216,6,641.338209,5,bread,0.1934
3553,mid,delhi,fast_food,0,0.451554138,7,523.9403677,2,dip,0.1841
744,budget,kolkata,chinese,0,0.624091813,11,341.0515642,2,bread,0.05
2571,premium,pune,north_indian,0,0.457055112,10,894.2297788,3,starter,0.3306
3866,budget,mumbai,north_indian,0,0.390657586,4,112.363241,4,dip,0.1262
7,budget,pune,north_indian,1,0.685550088,4,1046.594992,33,side,0.0541
622,mid,hyderabad,chinese,0,0.754967233,3,998.3902086,29,bread,0.0997
76,mid,hyderabad,north_indian,0,0.413159329,4,588.572782,6,side,0.1631
101,premium,bengaluru,biryani,0,0.325328321,9,736.6278585,12,dessert,0.2281
960,mid,chennai,south_indian,0,0.350804827,5,706.7353731,2,side,0.1404
1660,budget,chennai,fast_food,1,0.416663682,5,280.3157888,4,bread,0.0787
2380,budget,hyderabad,chinese,0,0.469516744,6,551.2045814,22,bread,0.05
2046,budget,pune,north_indian,0,0.505240283,6,309.1077934,6,side,0.1784
2011,mid,chennai,continental,1,0.609751876,7,521.3256773,1,side,0.0733
2829,mid,hyderabad,biryani,0,0.743063438,5,639.6362827,7,drink,0.1783
3819,budget,bengaluru,north_indian,1,0.517925734,5,719.6993772,45,side,0.108
3995,budget,kolkata,arabian,0,0.429499256,2,479.7882617,9,dip,0.1362
3194,budget,pune,continental,1,0.612535749,7,600.6177536,5,side,0.05
3393,budget,bengaluru,fast_food,0,0.776643316,4,543.2014242,4,bread,0.05
1379,premium,mumbai,chinese,1,0.657775771,4,652.212425,7,starter,0.2952
1587,mid,mumbai,fast_food,0,0.487526125,5,760.9084119,4,dip,0.1725
2434,budget,bengaluru,arabian,0,0.474277881,5,952.1662136,7,dip,0.1192
542,budget,hyderabad,arabian,1,0.344956184,2,262.0646743,30,dip,0.0843
2230,mid,bengaluru,chinese,1,0.687573038,11,645.2944197,9,side,0.1644
608,budget,hyderabad,chinese,1,0.350355496,7,1120.574932,7,dip,0.0717
3619,budget,delhi,italian,0,0.407340366,9,187.3415174,29,dip,0.0865
3236,budget,hyderabad,italian,0,0.549722838,7,596.8903198,26,dip,0.1046
3358,premium,delhi,fast_food,1,0.573894738,3,441.9741,5,dessert,0.2161
682,budget,delhi,fast_food,0,0.357189215,6,877.0176512,7,dip,0.174
125,mid,mumbai,arabian,1,0.76793164,6,559.9692969,3,bread,0.1032
2391,mid,hyderabad,fast_food,1,0.670015405,3,517.7028554,24,side,0.113
1944,budget,hyderabad,biryani,1,0.673842204,3,490.0196919,35,side,0.05
3584,mid,chennai,chinese,0,0.240253407,7,422.3579675,30,bread,0.113
3363,premium,hyderabad,arabian,0,0.697567942,2,401.7986355,3,drink,0.1946
1397,budget,hyderabad,italian,0,0.295574724,4,288.6527471,37,side,0.0959
1852,mid,mumbai,biryani,1,0.370377083,7,791.0621932,6,bread,0.165
1238,budget,hyderabad,desserts,1,0.918749177,4,452.5194035,8,bread,0.05
3880,premium,mumbai,chinese,0,0.298579619,7,1850.055467,6,dessert,0.3075
3150,budget,delhi,continental,0,0.729328627,6,310.9894787,4,bread,0.05
1150,mid,mumbai,south_indian,0,0.192654165,9,515.9041964,2,side,0.1702
3309,budget,mumbai,south_indian,1,0.629751565,5,218.3922243,7,dip,0.1514
2767,mid,chennai,fast_food,0,0.05,14,460.9775784,9,bread,0.2672
2059,budget,chennai,chinese,0,0.364115591,5,273.7727239,7,bread,0.111
1530,budget,hyderabad,south_indian,1,0.908640887,5,865.0474645,1,dip,0.0837
779,budget,bengaluru,south_indian,0,0.553095513,2,861.2219713,18,side,0.05
1435,budget,bengaluru,fast_food,1,0.673361424,8,465.8413734,34,side,0.05
3888,mid,delhi,north_indian,0,0.527877193,8,814.6232152,19,bread,0.1691
1255,premium,bengaluru,arabian,0,0.357834145,7,365.4250732,37,dessert,0.3077
2062,budget,chennai,north_indian,1,0.306728358,5,565.6780087,6,side,0.1021
452,mid,hyderabad,south_indian,0,0.2168858,6,652.4358656,2,bread,0.1391
3091,budget,chennai,south_indian,1,0.443373344,6,397.4106509,30,side,0.1209
1668,budget,mumbai,north_indian,0,0.400876684,4,972.7155166,8,side,0.0864
1042,budget,hyderabad,chinese,1,0.360291567,5,950.8346892,5,dip,0.0849
2935,mid,delhi,arabian,0,0.554777993,6,375.4269704,7,side,0.1788
294,premium,delhi,biryani,0,0.524666147,6,454.6932801,27,dessert,0.2319
3218,premium,mumbai,arabian,0,0.191905816,5,357.9608828,5,drink,0.3322
793,budget,mumbai,fast_food,0,0.667008254,6,341.6054279,3,side,0.0565
3107,budget,mumbai,fast_food,0,0.640448249,6,670.6089387,6,bread,0.0703
1972,budget,chennai,arabian,0,0.682381482,5,951.4757978,3,dip,0.05
1467,mid,bengaluru,north_indian,1,0.734232467,9,436.5693407,6,side,0.0602
3235,mid,mumbai,desserts,1,0.680792702,2,100.241616,4,drink,0.185
1725,mid,mumbai,continental,1,0.686623783,4,276.6814819,4,drink,0.1545
1037,budget,chennai,continental,0,0.21592319,6,734.2557019,5,side,0.1393
1984,budget,bengaluru,biryani,0,0.391029581,8,352.6459896,6,dip,0.05
179,budget,pune,arabian,0,0.181012125,5,238.0847123,5,dip,0.103
3701,budget,bengaluru,fast_food,1,0.69102679,8,479.6128234,3,dip,0.134
71,budget,pune,south_indian,0,0.626689421,9,115.4133576,4,dip,0.0635
1675,budget,bengaluru,fast_food,1,0.317510878,7,1143.474732,30,dip,0.0676
2504,mid,hyderabad,fast_food,0,0.633067489,7,661.0627393,6,drink,0.1244
1358,budget,chennai,italian,0,0.528483475,6,781.8728692,5,side,0.059
2121,premium,mumbai,south_indian,0,0.396892267,4,745.5759208,13,starter,0.2282
2387,mid,bengaluru,continental,1,0.519818125,5,498.5776287,5,bread,0.1411
2983,mid,chennai,arabian,0,0.391932859,9,762.0272495,2,side,0.2543
2348,budget,chennai,fast_food,1,0.684086091,7,625.1665396,3,bread,0.05
717,mid,chennai,north_indian,0,0.43989256,3,751.6831729,8,bread,0.1001
3316,budget,bengaluru,italian,0,0.67156558,3,278.5866917,3,bread,0.0801
670,mid,pune,italian,1,0.400790191,5,379.2405702,7,side,0.1316
147,budget,bengaluru,chinese,0,0.475327635,8,512.3057448,3,side,0.0862
146,premium,bengaluru,fast_food,1,0.338818962,5,210.2880482,5,starter,0.2868
2457,budget,hyderabad,fast_food,0,0.45418829,7,881.809712,4,dip,0.0706
1851,mid,pune,italian,1,0.399828489,3,633.0005787,35,drink,0.1723
3186,budget,bengaluru,italian,1,0.318030739,3,552.232793,10,dip,0.05
3935,mid,delhi,italian,0,0.612742582,4,187.5644109,6,drink,0.1894
2289,mid,delhi,north_indian,0,0.605434563,7,433.2966485,6,dip,0.2335
1892,budget,mumbai,italian,1,0.772883792,5,546.4279218,7,dip,0.0552
2783,mid,chennai,biryani,1,0.516045463,10,750.5085569,7,bread,0.164
2081,mid,hyderabad,italian,1,0.514765929,11,609.6851623,4,drink,0.1798
2028,premium,bengaluru,north_indian,1,0.725708162,5,321.0886068,6,dessert,0.2592
880,premium,kolkata,fast_food,1,0.604124414,10,1014.79003,7,dessert,0.2183
3852,mid,mumbai,desserts,0,0.537549211,8,367.2959891,5,side,0.1385
3187,premium,bengaluru,arabian,1,0.431142947,8,342.5320948,33,drink,0.2325
1443,premium,mumbai,south_indian,1,0.267812658,8,75.58116925,7,starter,0.2892
2302,budget,pune,north_indian,0,0.286104633,5,1093.598026,9,side,0.1912
481,mid,chennai,biryani,1,0.713653958,4,379.4904792,5,side,0.1627
1664,premium,bengaluru,italian,0,0.391749758,6,289.2732024,26,drink,0.2551
1663,premium,mumbai,biryani,0,0.395722965,1,626.5861252,6,starter,0.3157
1717,mid,bengaluru,continental,0,0.509140701,4,701.4525465,13,bread,0.1423
3791,mid,delhi,north_indian,0,0.566410678,6,768.6498299,6,dip,0.1086
3466,mid,delhi,desserts,0,0.440202972,4,398.8575727,1,drink,0.1897
1666,mid,kolkata,italian,0,0.496283232,8,878.2772087,33,dip,0.1697
1959,budget,hyderabad,north_indian,0,0.521281594,5,551.9176189,5,side,0.05
2038,budget,bengaluru,desserts,0,0.096006303,6,894.8186505,4,side,0.1025
2671,mid,mumbai,italian,0,0.95,8,437.51393,3,side,0.1125
1978,budget,bengaluru,north_indian,1,0.667598203,10,681.6727101,7,side,0.0899
2633,mid,mumbai,arabian,1,0.546188668,5,457.7718176,5,drink,0.0926
1173,mid,mumbai,chinese,1,0.550352363,8,995.9698131,28,bread,0.1976
2040,mid,hyderabad,italian,1,0.616818175,6,529.3854869,3,drink,0.1597
199,budget,delhi,arabian,1,0.635049579,4,441.1821281,6,side,0.05
1149,budget,hyderabad,arabian,1,0.458928627,9,553.5148884,37,bread,0.05
3407,mid,mumbai,desserts,0,0.688456144,7,606.3286532,10,bread,0.1405
1659,budget,hyderabad,chinese,1,0.611439973,6,1105.542771,8,dip,0.05
2860,mid,delhi,fast_food,0,0.95,5,577.8733415,6,side,0.086
2840,mid,hyderabad,italian,0,0.661427542,4,405.4565651,20,drink,0.1516
328,mid,bengaluru,continental,0,0.227586439,6,1044.937613,6,dip,0.1442
3665,mid,mumbai,south_indian,1,0.627722007,11,987.3163465,0,side,0.05
3903,budget,hyderabad,fast_food,0,0.339238131,5,1109.206912,7,dip,0.117
1961,budget,bengaluru,arabian,0,0.282002672,9,398.3252126,6,dip,0.0982
3362,budget,delhi,north_indian,0,0.647929504,4,473.93256,5,dip,0.0636
2816,budget,pune,arabian,0,0.448212693,6,806.208622,3,dip,0.05
1593,budget,delhi,south_indian,0,0.40762645,8,317.2841324,3,bread,0.0925
2856,mid,mumbai,italian,0,0.558593475,5,400.8695513,6,side,0.0572
695,budget,mumbai,chinese,1,0.843951112,7,666.4957662,7,bread,0.11
3830,mid,mumbai,north_indian,0,0.558543622,4,135.4795949,1,bread,0.1049
2779,mid,hyderabad,fast_food,0,0.517259463,6,1113.985837,8,side,0.1591
1521,mid,delhi,biryani,1,0.664982593,2,1632.862409,6,bread,0.0557
465,premium,mumbai,fast_food,1,0.203220409,5,1143.798035,4,drink,0.2917
2642,budget,chennai,south_indian,1,0.56672622,9,447.5489013,10,dip,0.0675
3087,budget,hyderabad,desserts,0,0.421433867,7,381.3039504,6,dip,0.0693
2833,budget,delhi,desserts,1,0.315840422,8,1057.555798,31,side,0.1169
1094,budget,mumbai,south_indian,0,0.575905637,6,385.381084,9,bread,0.0685
3556,premium,mumbai,arabian,0,0.498692794,10,784.9747715,7,starter,0.2723
457,mid,pune,italian,1,0.451812081,3,647.8782003,6,bread,0.213
3050,budget,hyderabad,desserts,0,0.640241128,12,723.6334231,31,bread,0.0893
175,budget,bengaluru,continental,0,0.05,4,851.0741202,9,side,0.0806
1308,mid,hyderabad,biryani,1,0.19910958,8,522.8775966,7,bread,0.1764
3624,budget,kolkata,italian,0,0.687473392,9,525.1139129,4,dip,0.05
1386,budget,pune,biryani,0,0.536815539,9,732.4214029,5,bread,0.0674
479,mid,hyderabad,arabian,0,0.415315664,5,297.2237145,3,side,0.17
3432,mid,delhi,north_indian,0,0.281451474,8,319.5668861,40,side,0.1349
224,budget,hyderabad,chinese,0,0.524789282,3,855.2576741,8,side,0.1118
1341,budget,bengaluru,arabian,0,0.264692519,7,395.2658041,32,dip,0.0715
2998,premium,bengaluru,north_indian,0,0.518728167,5,758.7442606,29,dessert,0.215
3097,budget,kolkata,desserts,0,0.707430472,10,718.2827963,7,bread,0.0677
36,budget,mumbai,biryani,0,0.305702424,4,372.5970531,4,side,0.1333
2560,mid,chennai,arabian,1,0.778354969,8,942.2062796,3,bread,0.0886
2370,budget,hyderabad,continental,0,0.550727324,3,324.3287326,6,side,0.0551
467,mid,kolkata,biryani,0,0.16768546,5,1024.110862,32,bread,0.2209
3911,budget,mumbai,fast_food,0,0.395231378,7,466.9124738,4,side,0.1413
3779,budget,hyderabad,desserts,0,0.578303449,5,497.3532801,21,side,0.0627
3898,budget,hyderabad,biryani,0,0.354904504,10,679.233759,5,dip,0.1324
1590,budget,mumbai,biryani,1,0.489396005,4,954.1154613,5,dip,0.061
1151,premium,delhi,continental,0,0.394366377,8,599.4354718,31,dessert,0.2498
2757,mid,mumbai,desserts,0,0.756109936,5,685.6038643,9,side,0.152
237,budget,hyderabad,desserts,1,0.577072941,6,808.9480484,28,bread,0.1111
3210,mid,chennai,north_indian,0,0.529434469,7,609.8222524,3,dip,0.1755
1778,premium,chennai,desserts,0,0.412500227,7,414.2856232,7,drink,0.2846
2033,mid,bengaluru,chinese,0,0.905892289,7,517.0115592,3,side,0.05
3722,budget,bengaluru,continental,1,0.484462405,5,493.8389628,35,bread,0.0933
1017,mid,mumbai,biryani,0,0.05,9,502.3944592,32,dip,0.1854
1003,budget,mumbai,italian,1,0.842345864,10,885.6843621,4,dip,0.0562
3085,mid,mumbai,continental,0,0.299065604,10,931.241137,8,side,0.1897
1331,budget,bengaluru,continental,1,0.742269245,7,438.6524556,8,side,0.0754
2832,mid,bengaluru,arabian,0,0.342325928,10,424.2269448,5,drink,0.1376
341,budget,chennai,south_indian,0,0.522831929,7,647.5660564,23,bread,0.0705
3930,mid,kolkata,fast_food,0,0.80827125,4,298.277963,3,bread,0.1218
3643,mid,hyderabad,south_indian,1,0.434426091,7,1085.835433,6,drink,0.1414
51,budget,mumbai,fast_food,0,0.510474948,2,425.626733,2,bread,0.0913
2312,budget,mumbai,italian,0,0.349349765,7,656.3317232,8,dip,0.1168
628,mid,hyderabad,desserts,0,0.594346765,4,1390.598828,4,dip,0.1277
1177,mid,delhi,south_indian,0,0.489073842,6,705.03762,5,bread,0.2134
2820,mid,chennai,desserts,1,0.628568901,6,753.7838795,6,bread,0.141
1479,mid,hyderabad,biryani,0,0.30878085,7,858.2251985,5,side,0.1809
211,mid,hyderabad,chinese,1,0.482706104,7,633.5620384,2,drink,0.1962
3306,budget,hyderabad,south_indian,1,0.05,5,798.0410075,11,side,0.1419
773,budget,bengaluru,north_indian,1,0.842187486,7,215.8442329,29,side,0.05
3592,premium,delhi,chinese,0,0.674590298,6,432.9446463,29,dessert,0.2584
2054,mid,bengaluru,north_indian,1,0.581213972,7,423.0086834,6,side,0.1721
3668,mid,bengaluru,desserts,1,0.353164817,5,869.5570873,5,drink,0.2106
3760,budget,chennai,desserts,1,0.148599266,5,356.5762064,32,side,0.0969
2796,budget,delhi,fast_food,1,0.788522898,4,762.6487559,9,side,0.05
1650,mid,chennai,continental,1,0.864999626,4,434.0132641,6,side,0.1113
247,premium,mumbai,south_indian,0,0.579168781,3,334.4702176,4,drink,0.1793
3449,mid,hyderabad,chinese,0,0.610264834,7,379.052831,32,dip,0.1958
3972,mid,mumbai,continental,0,0.403112588,7,379.5311797,5,bread,0.1297
3653,mid,mumbai,arabian,1,0.239334884,6,303.4941068,4,dip,0.2114
2890,mid,mumbai,desserts,1,0.410139713,4,262.6011938,4,drink,0.2018
2366,premium,bengaluru,continental,1,0.701359125,1,612.0493096,3,starter,0.2814
3748,budget,mumbai,italian,0,0.482888898,5,1172.015686,8,side,0.0842
989,mid,delhi,biryani,0,0.72044364,5,510.7318588,20,side,0.0855
165,mid,bengaluru,desserts,0,0.750348499,4,439.7382116,1,bread,0.1647
399,budget,hyderabad,chinese,0,0.269006249,9,650.5123393,7,dip,0.1189
803,premium,hyderabad,arabian,1,0.291868698,5,683.6024956,4,drink,0.3276
1950,mid,bengaluru,continental,1,0.463342147,6,675.6820768,27,dip,0.1377
2239,mid,bengaluru,desserts,0,0.114426432,8,173.4547506,3,bread,0.238
1107,budget,hyderabad,fast_food,0,0.554503696,14,214.2619393,8,bread,0.0676
2946,budget,hyderabad,arabian,1,0.342722934,7,657.4364028,2,dip,0.1535
2898,budget,hyderabad,fast_food,0,0.489740601,5,736.4983724,4,dip,0.1399
3191,mid,delhi,chinese,0,0.499941851,4,923.6044938,12,bread,0.1594
660,budget,delhi,arabian,0,0.400475844,5,1030.089749,6,dip,0.0971
1793,budget,pune,chinese,1,0.747292586,6,209.5661061,6,dip,0.05
1196,budget,bengaluru,italian,0,0.607511326,7,348.2083822,4,dip,0.05
3270,mid,hyderabad,arabian,0,0.705097134,4,621.1737106,27,dip,0.1556
3249,mid,hyderabad,north_indian,1,0.262084183,4,635.1780932,2,side,0.0871
2884,mid,mumbai,continental,0,0.119884647,6,993.722735,7,bread,0.1197
2305,budget,mumbai,desserts,0,0.738865985,5,163.5322381,4,side,0.0833
3647,budget,kolkata,fast_food,0,0.300979022,5,1052.486313,6,side,0.1023
2111,mid,hyderabad,biryani,0,0.383497182,6,551.6807855,6,side,0.1807
249,budget,delhi,north_indian,1,0.748524836,5,639.9540187,5,bread,0.0641
342,mid,bengaluru,continental,0,0.210321993,7,611.5395662,23,side,0.2085
3443,mid,chennai,italian,1,0.32751053,8,865.5344161,3,dip,0.1993
127,budget,pune,italian,0,0.41530274,2,341.6635291,4,dip,0.05
902,premium,chennai,desserts,0,0.50191822,5,802.7551206,6,drink,0.2175
617,mid,chennai,italian,1,0.323308705,4,1005.997571,3,side,0.1891
2115,mid,pune,desserts,1,0.05,5,174.5874935,27,side,0.1877
3966,mid,delhi,fast_food,1,0.558823691,6,404.2223023,5,dip,0.0711
791,budget,hyderabad,south_indian,1,0.427726765,4,766.7787975,4,dip,0.0837
2530,mid,bengaluru,desserts,0,0.577523266,3,900.8440236,9,side,0.1385
1126,mid,mumbai,italian,0,0.95,8,256.5091787,3,dip,0.1418
3023,budget,bengaluru,arabian,0,0.299877479,3,1396.67211,4,bread,0.0861
3152,mid,pune,north_indian,1,0.538122524,8,675.2096504,5,side,0.13
1686,mid,delhi,fast_food,1,0.225253739,4,583.1535481,4,dip,0.1522
874,budget,kolkata,arabian,1,0.797554734,11,1063.884196,6,side,0.0743
1953,budget,hyderabad,south_indian,0,0.363170359,10,708.9185,29,dip,0.0643
2145,premium,hyderabad,continental,0,0.196312922,9,488.8281532,30,drink,0.2895
138,premium,hyderabad,biryani,0,0.283495254,8,727.6940482,31,drink,0.3486
809,budget,mumbai,north_indian,0,0.598711274,5,1768.026445,29,side,0.1116
2887,budget,hyderabad,continental,1,0.380135385,7,182.121084,22,bread,0.0768
3882,budget,delhi,italian,0,0.633049761,8,388.0919099,8,dip,0.0967
3237,mid,hyderabad,italian,0,0.56097451,6,178.3135127,4,drink,0.1467
2227,mid,hyderabad,desserts,1,0.446989961,6,241.937456,6,side,0.1869
2088,mid,chennai,north_indian,0,0.645244567,9,345.4158007,6,bread,0.0721
3825,mid,chennai,north_indian,0,0.169033326,9,941.1978867,14,bread,0.159
2194,mid,hyderabad,chinese,0,0.677870237,5,476.5580469,5,dip,0.1772
585,budget,mumbai,north_indian,1,0.265679312,3,1269.441753,3,side,0.05
3884,mid,hyderabad,chinese,1,0.711804366,4,815.1191567,16,side,0.2348
2519,budget,mumbai,arabian,0,0.655634229,10,385.3539609,5,side,0.0705
2585,budget,mumbai,north_indian,1,0.110885287,3,371.5168135,7,dip,0.1725
3072,budget,mumbai,fast_food,0,0.708629895,6,1128.61173,27,bread,0.05
233,budget,delhi,north_indian,1,0.458555337,6,717.2969434,4,bread,0.136
1289,mid,hyderabad,italian,0,0.238516566,8,226.3117687,5,dip,0.1874
652,premium,pune,continental,0,0.555382953,7,420.3505663,4,starter,0.1788
2261,budget,delhi,biryani,0,0.393696587,2,417.2841333,28,bread,0.0755
1181,mid,mumbai,chinese,0,0.608346339,3,584.6320692,6,side,0.1393
3689,budget,bengaluru,north_indian,0,0.394807685,9,106.2774849,2,side,0.0684
476,mid,mumbai,desserts,0,0.492980759,8,287.4488177,8,drink,0.2055
3844,mid,chennai,south_indian,0,0.339251881,8,452.8668888,28,side,0.239
1607,mid,bengaluru,north_indian,0,0.516938117,3,838.5237299,5,side,0.0986
2172,budget,delhi,north_indian,0,0.385137231,7,579.4102837,4,dip,0.1609
846,budget,chennai,desserts,1,0.272175258,7,483.5586594,7,dip,0.1021
1190,budget,hyderabad,south_indian,1,0.285300442,8,1140.165429,5,side,0.0632
1259,budget,hyderabad,continental,0,0.765917307,2,436.7698682,41,bread,0.0575
2032,premium,pune,fast_food,1,0.625502498,1,1027.779724,5,starter,0.1968
2341,budget,chennai,biryani,0,0.667457688,2,1003.496335,2,dip,0.1078
2527,mid,chennai,north_indian,0,0.336983383,2,596.4367177,29,dip,0.2358
3212,premium,pune,south_indian,1,0.319540857,6,465.0765796,23,dessert,0.2616
1011,budget,delhi,chinese,0,0.619413142,6,386.9453205,5,bread,0.1211
2475,budget,hyderabad,fast_food,0,0.156181831,13,1251.938301,9,dip,0.0591
109,budget,mumbai,continental,1,0.787140889,7,403.8229446,38,dip,0.1218
719,mid,hyderabad,biryani,1,0.421845564,7,500.4177809,34,side,0.1637
3812,premium,delhi,desserts,0,0.677857761,6,1127.380532,6,starter,0.2234
2985,premium,delhi,biryani,0,0.567744622,12,1366.363069,5,dessert,0.2895
2395,premium,chennai,chinese,0,0.558991585,3,573.859981,20,dessert,0.2931
2627,mid,mumbai,south_indian,0,0.746418651,4,1307.284248,2,bread,0.1023
2615,mid,pune,south_indian,1,0.399527253,11,327.2543125,3,side,0.1681
3832,premium,chennai,south_indian,0,0.628677767,5,428.4343158,7,starter,0.2398
2987,budget,mumbai,biryani,0,0.451561558,7,644.1106743,5,side,0.0633
137,mid,bengaluru,arabian,0,0.603738727,7,162.6069808,3,side,0.1811
86,mid,chennai,desserts,0,0.452485455,6,1238.229859,4,dip,0.1752
1125,mid,bengaluru,north_indian,0,0.373983202,6,668.9352331,4,drink,0.1828
1313,mid,kolkata,continental,0,0.41298566,9,714.4294398,2,bread,0.1922
808,mid,bengaluru,fast_food,1,0.765967134,5,367.176601,3,side,0.1473
3281,mid,mumbai,south_indian,1,0.779576056,8,423.3709968,8,drink,0.2427
514,budget,mumbai,desserts,0,0.551118422,13,556.3756011,4,dip,0.05
2938,mid,bengaluru,biryani,0,0.213003609,6,797.5127537,7,dip,0.2065
2006,mid,mumbai,arabian,1,0.856393163,12,785.1683734,4,bread,0.0906
1075,budget,mumbai,chinese,1,0.230426425,5,877.7949349,2,bread,0.0745
1657,mid,delhi,arabian,0,0.594845717,3,727.7232338,28,side,0.1427
3621,budget,mumbai,continental,0,0.607750198,9,582.4072795,2,dip,0.05
2541,budget,delhi,north_indian,0,0.342249709,1,849.7747592,0,bread,0.05
3961,budget,mumbai,north_indian,1,0.05,2,737.7054986,7,bread,0.1323
3910,budget,pune,continental,1,0.460776706,13,209.5093189,5,dip,0.075
913,premium,mumbai,arabian,0,0.590675963,6,353.1947522,27,starter,0.2625
3266,premium,bengaluru,fast_food,1,0.299916484,4,1089.57571,5,dessert,0.2896
45,budget,chennai,continental,0,0.435138068,5,560.7269461,29,dip,0.0931
2313,premium,hyderabad,continental,0,0.471745916,7,292.9300242,2,dessert,0.2761
2099,premium,chennai,biryani,1,0.464547698,7,734.5197958,2,drink,0.2801
1347,premium,mumbai,italian,1,0.330099814,6,220.2828414,5,dessert,0.3474
3756,budget,hyderabad,north_indian,1,0.13253606,6,587.1464391,8,dip,0.1535
3017,premium,mumbai,biryani,1,0.450971186,5,173.8708531,5,dessert,0.2757
161,premium,delhi,italian,0,0.050569974,3,1110.562378,34,starter,0.3165
3859,premium,mumbai,fast_food,1,0.543148251,4,863.7558579,6,starter,0.28
532,budget,bengaluru,chinese,0,0.534541436,8,671.66188,4,bread,0.0522
3831,budget,hyderabad,chinese,0,0.285988296,5,246.2279713,5,dip,0.085
1741,premium,chennai,south_indian,0,0.597751443,5,608.5247186,8,starter,0.209
892,budget,bengaluru,continental,0,0.597978747,8,527.0416062,4,dip,0.0949
123,premium,pune,continental,0,0.100983195,6,838.0372063,6,starter,0.3199
327,mid,pune,fast_food,1,0.68296529,7,601.1526352,4,dip,0.1453
3768,budget,bengaluru,italian,0,0.633298252,5,256.8251718,6,side,0.0761
3377,mid,delhi,south_indian,0,0.416871835,9,455.5622896,37,side,0.1947
2471,mid,bengaluru,chinese,0,0.696277253,6,482.1623786,23,side,0.1844
2936,budget,delhi,fast_food,1,0.48653546,8,1217.43368,5,bread,0.0605
3615,mid,mumbai,biryani,0,0.786916842,4,438.997758,4,side,0.1048
837,budget,bengaluru,arabian,1,0.490443594,9,428.7330801,29,side,0.05
1175,mid,delhi,south_indian,0,0.47560908,5,922.5823043,28,side,0.2002
1654,mid,chennai,south_indian,1,0.399222237,6,540.0208293,30,bread,0.1878
358,mid,bengaluru,chinese,0,0.490018024,5,183.8339175,2,drink,0.1944
2994,budget,pune,arabian,0,0.475870748,2,390.4474396,7,dip,0.05
296,mid,mumbai,chinese,0,0.467235429,8,389.2511838,38,drink,0.1616
1919,budget,hyderabad,biryani,1,0.413763787,4,606.4832002,22,side,0.136
3798,budget,delhi,chinese,1,0.602504411,8,539.2916625,6,dip,0.05
3129,mid,pune,south_indian,1,0.296084636,7,658.2012363,28,dip,0.2342
2857,mid,bengaluru,continental,1,0.486659793,2,593.6386032,0,side,0.1614
169,budget,mumbai,north_indian,0,0.25415915,4,420.8980916,34,bread,0.0908
1742,budget,chennai,arabian,1,0.709125135,5,611.1717746,3,bread,0.05
3134,budget,bengaluru,continental,1,0.532138795,5,224.315548,6,bread,0.05
308,budget,hyderabad,north_indian,0,0.574154339,5,852.1476862,7,bread,0.0706
482,budget,pune,continental,0,0.694817542,8,1122.144161,3,side,0.05
1437,budget,kolkata,arabian,1,0.476715343,5,380.3817531,6,dip,0.05
1727,premium,hyderabad,continental,0,0.519058773,5,1410.460217,31,dessert,0.3066
2423,budget,pune,arabian,0,0.536038041,10,887.9912686,6,side,0.05
599,mid,delhi,continental,0,0.402170869,7,841.3666207,3,drink,0.0721
3292,mid,delhi,continental,1,0.752156001,9,1001.702281,3,side,0.1153
3024,premium,hyderabad,south_indian,0,0.758734564,6,575.0559686,2,drink,0.2038
1884,budget,chennai,arabian,1,0.918543051,8,817.6489165,2,dip,0.05
2259,budget,mumbai,south_indian,0,0.580715657,4,490.2040433,4,side,0.1245
2143,mid,mumbai,desserts,0,0.476316391,6,1011.44031,42,bread,0.1457
3188,budget,mumbai,chinese,1,0.95,15,779.4237277,3,side,0.05
2997,budget,chennai,south_indian,0,0.210853982,7,561.5761011,9,side,0.1059
3287,mid,kolkata,chinese,1,0.330333061,5,436.7786286,4,bread,0.1194
3149,mid,delhi,chinese,0,0.66307776,5,1076.406673,4,side,0.104
3227,mid,bengaluru,biryani,1,0.530735487,6,1497.080544,3,side,0.1562
2084,mid,hyderabad,chinese,0,0.19692789,4,355.959511,8,dip,0.2099
3864,mid,bengaluru,chinese,0,0.380459285,6,971.9078801,40,dip,0.1383
134,premium,bengaluru,biryani,0,0.669927594,10,571.0237015,1,drink,0.2635
2528,mid,hyderabad,italian,0,0.206940155,6,369.2610665,27,side,0.1701
1913,premium,hyderabad,continental,0,0.697861779,7,385.2789847,5,drink,0.2049
3759,premium,kolkata,chinese,0,0.393523011,4,386.6833483,5,dessert,0.263
2926,budget,bengaluru,south_indian,0,0.44076031,8,853.920911,6,dip,0.05
3870,mid,mumbai,chinese,1,0.47915566,11,668.5829498,5,side,0.1489
1023,premium,delhi,biryani,0,0.95,11,275.938596,6,drink,0.1736
2422,mid,chennai,biryani,1,0.134336638,7,899.9758383,26,drink,0.2521
3426,budget,bengaluru,north_indian,0,0.602592538,7,416.0655864,4,side,0.0612
2355,mid,pune,italian,1,0.080874134,4,528.6303394,31,bread,0.1589
688,mid,chennai,desserts,1,0.568460155,4,469.6988069,29,bread,0.2041
1459,budget,hyderabad,italian,1,0.271711554,8,601.5115927,5,dip,0.1302
380,budget,pune,arabian,0,0.505326244,9,301.2682576,6,side,0.05
2855,mid,hyderabad,arabian,0,0.673183472,4,314.9953878,44,drink,0.1963
1398,mid,pune,fast_food,1,0.292304872,6,654.632705,5,dip,0.2148
1316,mid,hyderabad,fast_food,1,0.637168845,4,836.791971,8,dip,0.1445
3520,budget,bengaluru,chinese,0,0.796014504,11,535.4048974,10,side,0.05
920,budget,hyderabad,continental,1,0.460909018,8,167.3479905,9,dip,0.0516
309,mid,mumbai,south_indian,1,0.244250439,2,407.7499627,6,dip,0.1964
3241,mid,bengaluru,italian,0,0.395710301,6,194.2565693,8,drink,0.1157
1425,mid,bengaluru,south_indian,1,0.237241881,10,734.0676385,7,drink,0.2093
435,mid,delhi,desserts,0,0.311210704,6,332.9542602,8,drink,0.2138
20,mid,hyderabad,north_indian,0,0.481881302,8,302.7554785,31,drink,0.1666
706,mid,bengaluru,continental,1,0.610195387,6,1304.806611,31,drink,0.1359
1515,budget,delhi,north_indian,0,0.440878158,2,418.4746268,2,dip,0.0623
770,budget,chennai,continental,1,0.876845913,11,1118.938584,5,dip,0.05
1613,mid,delhi,arabian,0,0.297572977,1,226.4102158,7,bread,0.1816
2652,budget,hyderabad,south_indian,0,0.707685125,5,675.6752357,28,bread,0.05
1869,mid,bengaluru,biryani,0,0.778328661,6,1332.043655,30,side,0.1241
733,budget,hyderabad,arabian,0,0.344215818,9,342.4894876,7,dip,0.1347
1345,mid,mumbai,arabian,0,0.377637725,6,956.945016,6,dip,0.1596
1528,premium,chennai,italian,0,0.649826411,7,1399.827627,6,starter,0.1774
159,mid,delhi,fast_food,0,0.700820206,9,307.47773,24,bread,0.1292
916,budget,mumbai,italian,0,0.569307706,6,619.4480532,4,dip,0.0739
2221,budget,kolkata,south_indian,1,0.638153476,6,575.8509086,2,bread,0.1406
88,premium,hyderabad,continental,1,0.238870662,5,736.0931295,3,starter,0.3141
987,mid,chennai,continental,0,0.326878864,4,368.5913945,3,side,0.1746
606,budget,hyderabad,italian,0,0.315854866,10,365.6793305,32,dip,0.1425
3452,mid,delhi,biryani,0,0.763542007,6,291.9521895,3,bread,0.0983
3046,budget,delhi,chinese,0,0.611979247,4,869.0535303,3,dip,0.064
3075,budget,bengaluru,fast_food,1,0.404782158,3,203.2333702,24,side,0.1376
216,mid,bengaluru,biryani,1,0.782095221,8,783.7102216,4,bread,0.0884
3784,budget,bengaluru,north_indian,0,0.418300443,5,1462.152314,3,bread,0.1241
3173,premium,mumbai,desserts,1,0.574079437,5,277.7978909,27,drink,0.2735
3477,budget,delhi,biryani,0,0.389635784,9,510.7387039,28,dip,0.1872
1968,budget,mumbai,biryani,0,0.674066955,6,904.1613889,3,side,0.05
411,mid,chennai,chinese,1,0.697585803,6,512.7290951,5,bread,0.1009
643,budget,hyderabad,biryani,0,0.396675169,8,232.6577933,8,dip,0.0995
783,budget,kolkata,continental,1,0.346026211,7,391.5830588,7,bread,0.1069
2624,mid,delhi,desserts,0,0.449022088,7,522.9073885,5,bread,0.2205
1028,premium,bengaluru,continental,1,0.667187628,8,200.6958307,4,dessert,0.2042
945,premium,mumbai,south_indian,0,0.687642389,13,210.9472784,7,dessert,0.2004
2544,premium,hyderabad,biryani,0,0.536649196,11,374.1473562,1,drink,0.2334
2730,premium,kolkata,biryani,0,0.120113038,7,323.3179221,7,starter,0.2908
2697,mid,mumbai,arabian,0,0.880138183,11,402.6508392,10,drink,0.0551
3158,budget,mumbai,south_indian,1,0.684387452,8,324.4227948,36,bread,0.0877
3290,budget,mumbai,fast_food,0,0.64023558,6,466.9364844,1,dip,0.05
1427,mid,delhi,fast_food,0,0.410797231,12,642.6678543,6,side,0.1916
3567,mid,chennai,arabian,1,0.250879181,6,1078.589012,3,drink,0.1221
2349,mid,bengaluru,north_indian,0,0.433957564,7,807.2400215,8,dip,0.1819
1276,budget,bengaluru,fast_food,0,0.753306246,4,696.7380113,4,side,0.055
1935,mid,hyderabad,arabian,0,0.429120519,9,369.9818424,3,bread,0.1456
116,mid,delhi,fast_food,0,0.184175412,8,390.9755934,37,side,0.2063
2516,budget,mumbai,south_indian,0,0.450186169,8,604.6733551,5,dip,0.0774
3037,premium,mumbai,south_indian,0,0.499988919,5,1400.331036,4,drink,0.2517
1532,premium,chennai,chinese,0,0.454331263,3,281.2250637,8,dessert,0.2917
1744,budget,kolkata,biryani,0,0.186755008,7,298.5750611,5,dip,0.0962
2035,budget,pune,continental,0,0.423622205,8,350.9063424,26,bread,0.1323
1106,mid,pune,south_indian,0,0.421712299,6,635.2670045,6,bread,0.1388
3723,mid,hyderabad,chinese,0,0.63514748,8,211.2911423,7,dip,0.0953
1803,budget,hyderabad,biryani,1,0.406157669,6,448.9537422,3,side,0.1192
1027,mid,chennai,fast_food,1,0.354654965,4,446.0514833,2,dip,0.2195
3431,budget,bengaluru,south_indian,1,0.683142559,3,807.2325719,4,side,0.0735
3253,budget,mumbai,arabian,0,0.519735656,6,1055.30237,4,side,0.0619
2906,budget,mumbai,north_indian,1,0.764690158,11,295.6988923,37,dip,0.05
1997,premium,delhi,continental,0,0.171549723,5,607.4453737,7,dessert,0.2394
1979,budget,bengaluru,chinese,0,0.538562436,10,655.0359357,4,bread,0.0762
3524,premium,hyderabad,chinese,1,0.564443749,11,412.5759111,5,drink,0.2901
99,budget,delhi,italian,0,0.235415899,8,413.3771153,34,dip,0.1556
1797,mid,delhi,desserts,0,0.262220765,8,434.4181899,3,bread,0.1754
3787,mid,mumbai,italian,1,0.262085655,5,376.7950105,5,side,0.163
2598,mid,hyderabad,arabian,0,0.702926768,7,542.7060661,33,side,0.1135
3551,premium,hyderabad,biryani,0,0.371854407,4,408.3075556,9,starter,0.1505
3526,premium,chennai,italian,0,0.500371434,6,401.8919531,4,dessert,0.3198
3509,budget,bengaluru,north_indian,1,0.529385269,7,548.4903426,4,dip,0.05
1346,mid,delhi,north_indian,0,0.460296875,7,663.2066498,4,bread,0.1636
1736,premium,hyderabad,biryani,0,0.731173095,6,385.5201126,30,starter,0.166
2412,mid,delhi,fast_food,0,0.530362379,7,899.7924104,5,drink,0.2032
2878,mid,mumbai,continental,0,0.622894289,9,146.3300384,6,drink,0.1092
3913,mid,chennai,desserts,0,0.846475236,14,717.5901671,4,dip,0.1569
3762,budget,delhi,arabian,1,0.393256102,7,861.9885755,2,bread,0.1513
1227,budget,kolkata,north_indian,0,0.269626362,7,492.4919508,4,bread,0.1481
634,mid,mumbai,south_indian,1,0.21293307,6,1390.470815,6,side,0.2247
3223,budget,mumbai,fast_food,1,0.623352801,4,339.9126724,5,dip,0.05
27,premium,chennai,italian,0,0.30252918,5,1026.621744,9,drink,0.2859
1923,budget,mumbai,fast_food,0,0.375856124,12,344.8609324,8,bread,0.0866
792,mid,mumbai,north_indian,1,0.360343932,4,678.5532431,2,drink,0.1172
2731,mid,pune,north_indian,0,0.712326737,6,585.7081917,7,dip,0.2795
1858,mid,kolkata,desserts,0,0.287802184,13,451.9832395,4,drink,0.1963
2566,premium,kolkata,chinese,1,0.448271663,4,863.4033104,9,dessert,0.2661
1447,mid,hyderabad,fast_food,0,0.61920466,7,245.1112086,1,drink,0.1033
1363,budget,chennai,desserts,0,0.314090407,7,230.6194365,8,side,0.1224
1622,mid,chennai,fast_food,0,0.281747765,8,513.5460035,27,bread,0.1651
2807,budget,delhi,fast_food,0,0.274918396,9,532.4507384,7,dip,0.1151
3713,budget,delhi,fast_food,1,0.318065366,8,1003.007106,28,dip,0.0864
2822,premium,pune,north_indian,1,0.635100244,5,834.9388915,5,drink,0.2112
2376,mid,mumbai,north_indian,1,0.675645289,3,514.1115972,40,drink,0.1625
3221,mid,hyderabad,north_indian,1,0.383148133,10,393.8565825,33,dip,0.1364
3840,budget,delhi,biryani,1,0.802796248,8,897.7083094,6,bread,0.05
102,budget,pune,arabian,0,0.545120468,6,622.8645603,4,dip,0.0712
2499,mid,chennai,north_indian,0,0.590369625,4,705.0072895,7,side,0.1239
2154,budget,mumbai,north_indian,1,0.279598952,5,895.1104744,6,bread,0.094
209,mid,hyderabad,chinese,0,0.468738813,5,534.8178412,2,dip,0.0892
654,budget,delhi,desserts,0,0.375717118,6,519.6085447,30,side,0.1032
1806,budget,bengaluru,desserts,0,0.542204146,4,325.9254388,6,bread,0.1023
2103,budget,bengaluru,italian,1,0.617451637,9,184.2116822,28,bread,0.05
697,budget,chennai,italian,0,0.600140837,7,731.3807127,10,side,0.0566
1354,mid,bengaluru,south_indian,0,0.05,4,785.6211246,30,bread,0.2022
2727,mid,bengaluru,italian,1,0.498780316,9,690.4046526,2,bread,0.1455
1763,mid,hyderabad,continental,1,0.549601881,13,575.3494737,5,bread,0.2134
785,mid,pune,chinese,0,0.150468489,8,978.2235932,7,side,0.1663
646,mid,hyderabad,continental,0,0.414601094,4,354.0553525,4,dip,0.1906
3946,mid,chennai,desserts,1,0.548192955,9,1569.883835,4,dip,0.1481
2274,mid,delhi,biryani,0,0.435740768,5,537.2368646,46,drink,0.192
768,premium,bengaluru,chinese,0,0.610760322,5,446.1672529,4,dessert,0.2774
750,mid,mumbai,italian,0,0.708448657,7,806.3857561,9,bread,0.1485
552,budget,bengaluru,chinese,1,0.435457665,10,1128.455359,8,bread,0.0691
3090,budget,bengaluru,biryani,1,0.23525298,9,491.3853852,26,side,0.0916
1407,mid,bengaluru,south_indian,0,0.33905328,4,788.5884071,8,bread,0.1942
21,budget,chennai,chinese,1,0.62275439,7,460.0345154,3,bread,0.0734
939,budget,delhi,north_indian,1,0.370822519,8,775.1491648,9,bread,0.0994
583,budget,chennai,south_indian,1,0.628886514,3,330.7001623,5,side,0.05
3001,budget,chennai,fast_food,0,0.95,8,1194.136109,4,bread,0.05
3629,mid,bengaluru,biryani,0,0.333949313,9,244.1081503,8,drink,0.1991
3850,budget,mumbai,arabian,1,0.642100021,5,176.7331252,3,bread,0.05
3101,mid,delhi,north_indian,0,0.648070316,6,508.9654892,4,dip,0.1521
3384,budget,mumbai,continental,0,0.242623916,4,863.2867867,6,dip,0.1039
3739,budget,hyderabad,chinese,0,0.328057146,9,1214.162318,9,bread,0.0963
3794,budget,delhi,arabian,0,0.537918914,11,171.8585157,6,dip,0.0567
2677,mid,bengaluru,north_indian,0,0.500095383,10,535.4649044,34,bread,0.1474
3325,mid,mumbai,fast_food,0,0.578121689,5,532.7907439,22,drink,0.0647
74,budget,pune,south_indian,1,0.401068298,3,444.7486558,7,side,0.0623
2911,mid,bengaluru,biryani,0,0.306637665,6,550.1744989,7,dip,0.2218
3586,mid,mumbai,desserts,0,0.472774039,6,257.8779804,1,drink,0.0604
1299,budget,hyderabad,biryani,0,0.522254281,11,630.2298588,7,side,0.0916
3892,budget,delhi,biryani,0,0.574484404,4,1087.685814,5,bread,0.054
2699,budget,delhi,fast_food,1,0.782755447,8,338.4122629,29,dip,0.05
2848,mid,hyderabad,desserts,1,0.602308348,9,605.3237288,30,dip,0.0866
2558,premium,chennai,desserts,1,0.323796437,3,1518.098384,3,drink,0.3497
2413,budget,mumbai,desserts,0,0.728075675,4,1055.814042,5,side,0.0748
763,mid,hyderabad,south_indian,1,0.608435991,7,701.6778551,1,side,0.1957
2118,budget,hyderabad,fast_food,0,0.310934509,7,1439.905317,3,side,0.1605
3119,budget,delhi,italian,1,0.555134731,8,814.025154,8,bread,0.057
204,premium,delhi,italian,0,0.95,5,654.0621765,4,drink,0.1989
1536,budget,hyderabad,north_indian,1,0.424286951,6,531.2815688,32,side,0.05
3255,budget,bengaluru,arabian,0,0.447977384,5,229.8487395,32,side,0.0674
1885,mid,bengaluru,chinese,1,0.41287707,8,663.2440318,4,dip,0.2152
3717,premium,mumbai,chinese,0,0.611692511,8,1449.691123,26,starter,0.2881
1421,premium,bengaluru,biryani,0,0.621807038,6,192.3793468,4,drink,0.2437
904,mid,bengaluru,continental,0,0.625400645,8,829.1476037,26,drink,0.1552
494,mid,pune,continental,0,0.740237463,8,1989.103955,23,bread,0.1604
339,budget,mumbai,south_indian,0,0.308561443,4,360.9647007,14,dip,0.112
1973,premium,bengaluru,chinese,1,0.409239751,5,475.3792761,7,starter,0.2946
2669,budget,mumbai,arabian,1,0.518090006,8,346.6180579,4,bread,0.05
2304,mid,hyderabad,south_indian,0,0.47148077,8,918.0365078,7,dip,0.1555
1924,mid,delhi,north_indian,0,0.754837004,9,985.0290355,4,dip,0.172
1026,premium,mumbai,biryani,0,0.545737097,5,773.891656,28,dessert,0.2678
2138,mid,chennai,chinese,0,0.463990312,5,178.0437273,26,drink,0.1924
1225,budget,delhi,north_indian,0,0.272567993,8,288.7459107,22,bread,0.0946
2085,premium,delhi,arabian,0,0.155658823,5,467.2891869,3,drink,0.3038
1656,mid,mumbai,continental,0,0.592716945,7,752.6683211,5,drink,0.1669
360,budget,delhi,desserts,0,0.407392507,8,641.2416254,25,dip,0.1477
656,premium,hyderabad,north_indian,1,0.436726265,4,578.9291563,28,starter,0.2193
3117,mid,kolkata,north_indian,0,0.647438528,7,675.6037665,2,bread,0.1431
3354,budget,bengaluru,chinese,0,0.259361967,5,386.9976172,5,dip,0.1572
1254,budget,delhi,chinese,0,0.327291281,4,392.9041436,1,side,0.0713
662,budget,hyderabad,north_indian,1,0.171259495,8,377.8795109,8,bread,0.1151
2514,premium,chennai,desserts,1,0.92691891,1,126.9170569,5,dessert,0.2145
3137,mid,hyderabad,fast_food,0,0.783494923,4,315.2952925,6,dip,0.1305
2597,budget,mumbai,continental,0,0.71940699,11,354.7138703,6,side,0.05
3514,mid,delhi,continental,1,0.492567479,7,541.8290505,38,side,0.2323
1232,premium,bengaluru,continental,0,0.483201041,4,328.5437512,5,drink,0.2413
478,mid,pune,desserts,0,0.61411405,6,745.3435263,9,side,0.1579
854,mid,delhi,continental,0,0.517984036,7,1006.146432,5,dip,0.05
3216,mid,mumbai,fast_food,1,0.322774667,9,1171.02057,4,side,0.1507
1707,budget,hyderabad,continental,0,0.6810686,7,830.4124042,3,dip,0.05
3570,premium,hyderabad,italian,1,0.831062687,7,322.2296618,38,drink,0.2592
2137,budget,hyderabad,north_indian,0,0.631026575,3,641.9198002,33,dip,0.05
1152,budget,bengaluru,arabian,1,0.813323488,5,459.8542229,6,side,0.05
2765,premium,bengaluru,south_indian,0,0.552765431,4,319.6734679,31,dessert,0.2194
2157,premium,bengaluru,fast_food,1,0.455073559,10,528.0376341,8,drink,0.2184
3136,budget,chennai,arabian,1,0.556327423,5,1162.013636,28,side,0.0679
2056,mid,bengaluru,arabian,1,0.648434687,8,485.0777029,34,dip,0.1247
2490,budget,mumbai,biryani,0,0.344605767,5,574.5158827,34,side,0.118
1507,budget,chennai,continental,0,0.543131466,6,713.5282761,5,side,0.0706
162,mid,chennai,chinese,0,0.498487586,6,567.0671434,10,bread,0.0757
2688,mid,bengaluru,continental,1,0.58511158,3,501.5437045,8,side,0.0976
3456,budget,chennai,north_indian,1,0.3966081,7,593.008234,26,side,0.05
979,mid,bengaluru,arabian,0,0.369536997,7,768.7668461,6,drink,0.1746
2554,budget,hyderabad,north_indian,0,0.327515279,5,768.6036958,1,side,0.1169
2904,budget,hyderabad,desserts,0,0.682876603,2,131.3807043,5,side,0.05
2467,premium,hyderabad,south_indian,0,0.598445986,7,445.4213797,3,starter,0.1873
527,mid,kolkata,italian,0,0.625297075,4,543.1194302,27,dip,0.1045
1809,mid,chennai,arabian,0,0.729372506,6,676.4644151,1,drink,0.1387
472,budget,hyderabad,biryani,0,0.556313838,5,352.1625724,3,dip,0.05
3055,mid,chennai,desserts,0,0.374707102,3,611.1146105,3,dip,0.1654
2752,mid,pune,arabian,1,0.514102939,10,1238.714718,30,side,0.1558
1236,budget,bengaluru,continental,0,0.693582912,10,467.2581915,5,side,0.0772
1947,budget,bengaluru,italian,0,0.475846059,3,972.8911278,26,side,0.0581
1060,mid,delhi,italian,1,0.367076066,10,685.6043129,20,drink,0.1854
2953,budget,chennai,fast_food,1,0.434132124,2,793.5972828,31,bread,0.103
2614,premium,mumbai,arabian,0,0.745985024,1,675.9965926,4,drink,0.2404
1294,premium,hyderabad,north_indian,0,0.285168374,5,410.5049774,2,dessert,0.2553
3179,mid,chennai,desserts,0,0.425249293,8,1470.071419,4,side,0.1611
316,budget,bengaluru,italian,0,0.396607958,6,289.6842494,3,side,0.1241
2561,mid,hyderabad,fast_food,1,0.568496822,4,161.9603472,6,bread,0.1189
2555,budget,delhi,biryani,1,0.691936561,13,579.0913281,1,dip,0.0628
2089,budget,bengaluru,north_indian,0,0.601233194,4,477.9954206,6,side,0.0628
2795,premium,chennai,italian,0,0.305061487,6,442.5132152,3,starter,0.2216
1384,premium,mumbai,desserts,0,0.654488103,5,304.0236286,31,dessert,0.2398
3429,mid,mumbai,italian,0,0.662881647,6,209.7139485,31,dip,0.098
1166,budget,chennai,arabian,1,0.388612635,6,201.8652099,34,dip,0.1006
919,premium,kolkata,south_indian,1,0.63584719,3,643.0633713,10,dessert,0.2634
3121,mid,mumbai,north_indian,1,0.188344031,8,622.7761775,7,dip,0.1717
2167,budget,delhi,desserts,0,0.477920918,7,560.6344578,3,dip,0.0732
1007,mid,bengaluru,italian,1,0.371008225,7,710.3842619,4,drink,0.1765
2834,budget,kolkata,south_indian,0,0.515476411,8,452.7936328,4,bread,0.05
3842,mid,hyderabad,chinese,0,0.05,10,1326.526456,2,drink,0.18
3648,budget,delhi,fast_food,0,0.539702643,7,590.584523,3,dip,0.1242
1120,budget,hyderabad,biryani,0,0.457013098,7,1043.746541,7,dip,0.1317
3412,premium,mumbai,arabian,0,0.593667355,4,340.9105013,12,starter,0.2276
3641,mid,hyderabad,south_indian,0,0.557128135,2,766.6048067,7,bread,0.1852
1835,budget,delhi,south_indian,1,0.403907782,5,604.1238088,5,bread,0.0688
333,budget,bengaluru,italian,0,0.526829923,8,263.0483601,25,side,0.0866
3064,mid,pune,italian,1,0.34394135,5,379.7412306,2,side,0.1794
167,mid,hyderabad,south_indian,1,0.534982669,7,792.0317932,32,bread,0.1315
3307,budget,chennai,chinese,0,0.776990247,6,516.1965487,2,dip,0.0763
1824,premium,pune,north_indian,0,0.777560517,10,504.2043343,3,drink,0.2067
728,mid,delhi,biryani,0,0.508680919,9,361.4136394,7,dip,0.1445
1842,mid,delhi,north_indian,1,0.514298797,8,576.1999608,4,side,0.14
1632,budget,kolkata,biryani,0,0.486717405,3,659.6821269,3,side,0.0648
1965,premium,delhi,chinese,1,0.404175933,8,537.6995096,3,starter,0.18
3625,budget,pune,arabian,0,0.726894885,5,1239.609823,5,side,0.0547
1990,premium,hyderabad,arabian,0,0.524864896,5,377.2230511,2,starter,0.268
2909,mid,mumbai,south_indian,0,0.631492615,7,718.5315399,2,side,0.1594
3288,budget,delhi,south_indian,0,0.447325892,2,646.6969293,6,dip,0.0993
1460,premium,mumbai,biryani,0,0.568280414,9,596.5184173,34,starter,0.1965
2039,mid,kolkata,biryani,0,0.504693793,4,300.8937656,26,drink,0.1169
1216,mid,chennai,italian,1,0.101064821,9,309.8435489,4,drink,0.2575
1131,mid,chennai,fast_food,1,0.648309099,4,380.2544832,8,drink,0.1339
2749,mid,mumbai,desserts,0,0.479470645,4,680.3497202,2,dip,0.1953
560,budget,hyderabad,biryani,0,0.786505476,4,335.3603774,5,side,0.0614
3750,mid,bengaluru,continental,1,0.741763333,8,710.6323936,7,dip,0.1372
2120,mid,delhi,north_indian,0,0.342173273,5,620.824398,7,drink,0.123
2114,mid,mumbai,continental,1,0.400408609,2,330.6445026,5,bread,0.2406
2276,budget,mumbai,continental,0,0.873077102,5,415.4521008,5,side,0.1365
3455,mid,delhi,continental,0,0.676076924,6,740.5081602,24,bread,0.1007
3561,budget,bengaluru,south_indian,0,0.397614061,5,692.4592218,5,bread,0.057
2410,mid,hyderabad,fast_food,1,0.833131951,5,248.7465906,4,side,0.1405
915,mid,bengaluru,south_indian,0,0.161707319,4,147.6807178,27,drink,0.1918
555,budget,mumbai,north_indian,1,0.862065386,6,338.8515338,4,side,0.05
3359,mid,pune,south_indian,0,0.203487525,5,789.2366621,7,drink,0.1803
314,budget,chennai,biryani,1,0.166148897,9,336.8308919,7,bread,0.1137
1750,budget,bengaluru,continental,1,0.139197532,8,703.3828447,1,dip,0.1436
3775,mid,delhi,arabian,0,0.796640753,7,1197.189852,5,drink,0.1
853,budget,mumbai,fast_food,0,0.514952743,9,752.5798758,23,dip,0.1317
556,budget,mumbai,desserts,1,0.470083388,9,495.7244112,4,dip,0.05
3580,budget,hyderabad,italian,0,0.728354168,9,537.1205734,31,bread,0.05
993,mid,delhi,chinese,0,0.349815726,4,675.7460041,4,side,0.1839
3285,budget,delhi,italian,0,0.388731364,6,272.4091566,1,bread,0.0789
2844,budget,pune,south_indian,1,0.346409079,6,522.6404304,2,bread,0.0792
2241,mid,bengaluru,arabian,0,0.128577424,5,799.8948096,3,dip,0.2305
1592,budget,bengaluru,south_indian,0,0.604493544,3,523.8395043,28,side,0.0653
4,budget,hyderabad,desserts,0,0.275091807,9,734.0606732,6,bread,0.1605
2196,budget,hyderabad,italian,0,0.888220938,3,128.5310496,4,dip,0.05
3238,budget,hyderabad,arabian,0,0.468495291,7,192.6600744,10,bread,0.1424
483,premium,delhi,italian,0,0.440572391,4,444.9660337,6,drink,0.302
2823,budget,mumbai,fast_food,1,0.464645385,4,203.3903864,24,side,0.0732
1121,budget,bengaluru,continental,1,0.768850567,8,233.2546135,13,dip,0.0589
620,mid,mumbai,north_indian,1,0.05,5,577.3397481,28,bread,0.1954
1670,mid,kolkata,desserts,0,0.617204744,6,832.3763979,3,drink,0.141
1826,budget,chennai,biryani,1,0.333223534,9,610.6827442,3,side,0.0852
3993,mid,delhi,biryani,0,0.457363716,6,528.1056454,4,bread,0.2294
2933,premium,bengaluru,biryani,1,0.529861675,6,446.0780128,17,drink,0.3462
3335,budget,mumbai,chinese,1,0.447631868,3,543.9892017,3,bread,0.0911
3923,mid,mumbai,desserts,1,0.63376719,7,430.211787,35,dip,0.149
3303,mid,pune,biryani,1,0.496270633,5,547.2403447,38,drink,0.1244
94,budget,chennai,biryani,0,0.680338837,4,271.4912121,5,bread,0.097
2171,budget,delhi,south_indian,0,0.39514512,4,297.8809887,4,dip,0.1003
3886,premium,chennai,arabian,1,0.42178783,9,692.527294,21,drink,0.2808
2507,mid,delhi,italian,1,0.13479496,10,698.3909082,44,drink,0.1669
2813,premium,bengaluru,biryani,0,0.378998884,8,705.0011984,4,drink,0.3271
1246,premium,hyderabad,continental,0,0.457206046,8,979.954741,2,dessert,0.3005
1974,premium,pune,south_indian,0,0.05,3,591.6087105,4,drink,0.3785
2753,budget,bengaluru,italian,0,0.560897269,6,1106.722534,4,side,0.0846
2487,mid,hyderabad,italian,0,0.548245504,6,762.393579,32,dip,0.1385
2210,budget,pune,desserts,1,0.356844624,6,548.4234488,24,bread,0.195
2320,mid,mumbai,south_indian,0,0.67445732,7,502.6870491,8,drink,0.129
612,mid,pune,fast_food,1,0.142241639,6,264.0835001,24,side,0.235
2526,budget,chennai,north_indian,1,0.558526339,0,309.3446562,21,side,0.05
272,mid,hyderabad,arabian,1,0.342565016,6,389.6002946,8,side,0.2142
3602,mid,bengaluru,south_indian,0,0.55844028,5,372.1181486,4,dip,0.1644
2160,mid,delhi,italian,1,0.591048941,10,240.3664663,2,dip,0.2149
1413,budget,bengaluru,biryani,0,0.617901815,7,406.4508338,24,bread,0.0551
2251,budget,bengaluru,biryani,0,0.565819873,4,438.1086396,26,bread,0.0721
423,budget,hyderabad,fast_food,0,0.572614534,8,93.62663334,10,bread,0.0971
1648,mid,bengaluru,italian,0,0.380421855,3,258.8013611,37,dip,0.2545
2439,budget,bengaluru,italian,0,0.597489282,7,746.1247248,25,bread,0.1092
778,budget,pune,south_indian,0,0.472838208,5,378.265891,32,bread,0.0635
3069,premium,delhi,biryani,1,0.338463571,7,677.7366668,6,dessert,0.2645
3473,budget,bengaluru,south_indian,0,0.433028982,7,1211.467438,8,dip,0.1111
1102,premium,mumbai,north_indian,0,0.284390295,9,377.9297271,23,starter,0.2403
521,mid,hyderabad,north_indian,0,0.190621389,7,277.0867461,3,drink,0.1991
875,mid,delhi,north_indian,0,0.890832016,7,535.9227264,35,dip,0.1217
2069,budget,hyderabad,fast_food,1,0.752194283,6,59.74807156,6,dip,0.05
2552,mid,delhi,biryani,0,0.259254521,4,697.8998729,6,bread,0.2298
3260,mid,bengaluru,fast_food,0,0.204550754,6,193.3646865,2,drink,0.1155
1474,budget,hyderabad,chinese,1,0.389285913,7,451.8814739,6,dip,0.0824
446,mid,mumbai,biryani,1,0.60338705,9,443.7102046,26,dip,0.1393
372,budget,hyderabad,desserts,0,0.617405463,7,727.6662253,3,dip,0.05
936,premium,hyderabad,desserts,0,0.420941254,9,519.4348803,36,dessert,0.2769
723,budget,kolkata,south_indian,0,0.484956231,9,531.7303485,19,side,0.05
2174,budget,mumbai,chinese,0,0.632566303,4,267.9541236,5,dip,0.0723
2502,budget,mumbai,chinese,0,0.536846026,7,938.3745078,32,side,0.05
15,mid,delhi,fast_food,0,0.473340102,8,382.6535922,6,dip,0.2252
1231,premium,hyderabad,south_indian,1,0.542381059,9,579.0680175,3,drink,0.2588
2740,budget,bengaluru,arabian,1,0.439722158,8,740.5468786,5,bread,0.0553
3296,mid,bengaluru,biryani,1,0.648181091,7,361.0023071,32,bread,0.1002
3028,budget,chennai,italian,0,0.555187626,4,665.5194629,3,bread,0.05
3445,mid,delhi,continental,1,0.690084976,4,347.5392269,4,bread,0.1605
2687,budget,delhi,south_indian,0,0.346182971,10,833.0993871,2,side,0.1155
2979,budget,chennai,desserts,0,0.355047008,6,461.8363436,34,bread,0.099
1881,premium,bengaluru,fast_food,0,0.222361292,5,551.4329509,8,dessert,0.2353
2508,mid,hyderabad,fast_food,0,0.286142547,8,781.9944108,5,bread,0.1786
2386,mid,chennai,arabian,0,0.506918585,10,831.1227752,33,dip,0.1384
2430,budget,delhi,italian,0,0.602826018,6,373.0537171,23,bread,0.05
427,mid,chennai,italian,0,0.255478171,6,857.2510874,24,drink,0.1713
2122,budget,delhi,biryani,0,0.307642908,6,190.2004893,5,bread,0.1323
1157,mid,delhi,chinese,1,0.439064649,4,511.2555597,3,bread,0.125
2405,budget,bengaluru,arabian,0,0.547812198,4,638.4591373,8,dip,0.1106
2803,mid,hyderabad,desserts,0,0.622880496,5,413.7307048,2,side,0.1566
2248,mid,pune,fast_food,1,0.728726048,6,389.9892756,2,side,0.1719
1640,mid,kolkata,south_indian,0,0.556535515,7,789.111266,21,side,0.1895
1429,premium,bengaluru,arabian,1,0.496836351,9,1014.958428,6,drink,0.299
535,mid,mumbai,chinese,0,0.900627599,8,432.6201495,5,bread,0.1314
3530,premium,bengaluru,north_indian,0,0.427584617,4,291.3263483,1,dessert,0.2832
1769,budget,hyderabad,desserts,0,0.111660633,7,534.242456,33,side,0.1283
232,budget,delhi,desserts,1,0.346735969,8,1152.302325,34,side,0.061
3905,mid,mumbai,fast_food,0,0.657573671,3,583.5874598,6,side,0.1295
1706,budget,delhi,chinese,0,0.579800822,13,471.7971284,4,bread,0.05
1092,mid,mumbai,fast_food,0,0.45850576,6,965.9884854,5,dip,0.1616
3695,mid,mumbai,biryani,0,0.813859768,4,440.9267369,3,drink,0.1345
3474,premium,bengaluru,biryani,0,0.439943188,8,259.5775928,3,dessert,0.3226
416,mid,pune,south_indian,1,0.625608137,9,372.309915,5,drink,0.2328
2931,mid,chennai,desserts,1,0.507765419,4,688.842287,5,bread,0.1787
2668,mid,mumbai,north_indian,0,0.206499806,6,871.3047944,2,side,0.2439
2601,budget,pune,south_indian,0,0.625287631,3,338.8889184,5,bread,0.0977
3460,budget,hyderabad,biryani,0,0.86478334,7,653.9543413,3,side,0.05
2961,premium,mumbai,italian,0,0.373061491,10,290.1926413,32,dessert,0.3033
501,budget,bengaluru,desserts,0,0.242016275,10,912.9910645,24,side,0.0799
1681,mid,delhi,south_indian,0,0.638826998,1,287.4468455,24,side,0.107
879,mid,chennai,fast_food,0,0.88570377,6,414.7163216,9,bread,0.1313
3712,mid,mumbai,north_indian,0,0.447982296,6,943.3499584,27,bread,0.1705
3511,premium,bengaluru,south_indian,1,0.830320737,4,729.2882968,3,starter,0.2287
2797,premium,hyderabad,biryani,1,0.557851052,7,381.5303689,5,starter,0.2
2686,budget,bengaluru,chinese,0,0.460732475,3,469.7869385,6,dip,0.1231
491,mid,bengaluru,biryani,0,0.583925978,5,430.3885066,2,bread,0.1261
3206,budget,kolkata,south_indian,0,0.408337717,6,1572.938327,4,bread,0.0642
3289,mid,hyderabad,arabian,0,0.528204436,7,140.5563059,2,drink,0.0719
273,budget,hyderabad,south_indian,1,0.863817697,9,610.8716728,7,side,0.0551
1336,budget,bengaluru,arabian,0,0.308273074,7,610.2873576,5,dip,0.1097
3532,budget,hyderabad,continental,1,0.599326342,8,722.0592021,4,bread,0.05
2198,budget,hyderabad,continental,1,0.456187291,9,262.0584308,4,dip,0.1194
2301,budget,mumbai,italian,0,0.590352243,7,590.7635572,29,side,0.0719
525,budget,bengaluru,continental,0,0.416726618,9,236.9960056,7,side,0.1196
1620,budget,mumbai,fast_food,0,0.51053845,10,329.2043712,7,side,0.0906
3569,budget,mumbai,south_indian,0,0.947036273,3,443.1286767,3,side,0.05
2283,budget,delhi,continental,1,0.309794262,9,656.0789941,2,bread,0.109
1359,budget,bengaluru,south_indian,0,0.659579434,4,246.2480907,6,side,0.0689
3628,budget,mumbai,fast_food,1,0.271283013,2,449.2543596,5,dip,0.05
3764,budget,delhi,arabian,1,0.622830679,7,477.175659,7,side,0.05
3164,budget,delhi,north_indian,1,0.20985303,8,663.1419014,9,bread,0.1244
3955,mid,chennai,continental,0,0.231522769,9,164.8504827,9,drink,0.2939
2666,mid,kolkata,desserts,1,0.083673156,11,378.8802254,44,side,0.19
3633,mid,bengaluru,chinese,1,0.446827214,7,413.4168823,5,drink,0.1599
844,premium,mumbai,fast_food,0,0.456234244,5,239.8411364,3,dessert,0.3014
1642,budget,mumbai,desserts,1,0.556249859,3,1122.129598,6,bread,0.05
1256,mid,delhi,desserts,0,0.203757494,8,509.660865,26,drink,0.2438
1024,mid,mumbai,south_indian,1,0.189392986,9,1211.255906,4,drink,0.2049
3271,mid,delhi,biryani,1,0.601040134,4,331.6141298,6,drink,0.1453
3317,budget,bengaluru,fast_food,0,0.588969353,10,635.8426101,3,side,0.05
3678,mid,bengaluru,italian,1,0.817395591,7,630.7108781,3,dip,0.1009
3239,mid,hyderabad,fast_food,0,0.682152283,6,755.6901394,1,dip,0.1092
1047,budget,bengaluru,biryani,1,0.471178307,6,1464.763367,36,bread,0.05
1827,mid,mumbai,italian,1,0.739672108,2,905.8228118,3,side,0.1594
3833,mid,hyderabad,north_indian,0,0.484838952,7,399.0265272,9,side,0.1509
2469,mid,chennai,desserts,0,0.435094815,12,376.9078228,9,dip,0.2133
2399,mid,hyderabad,arabian,1,0.482391058,4,329.1581839,9,bread,0.1129
1708,budget,mumbai,fast_food,1,0.285448541,3,522.5207281,19,bread,0.0863
2713,mid,delhi,continental,0,0.566766493,7,734.1683795,3,dip,0.1184
691,premium,chennai,continental,1,0.597296401,8,277.2753715,33,starter,0.3737
2693,budget,hyderabad,biryani,0,0.463686439,3,553.305013,30,dip,0.1102
725,budget,hyderabad,fast_food,1,0.605460084,5,178.6876443,6,bread,0.0739
3728,budget,bengaluru,continental,0,0.481728082,5,1050.43456,11,bread,0.0832
1740,budget,bengaluru,continental,0,0.247243262,5,368.5186598,2,side,0.0979
443,mid,chennai,fast_food,0,0.353004775,7,1494.727028,3,bread,0.1825
3772,budget,hyderabad,italian,1,0.215787983,4,927.0650511,5,side,0.0585
765,mid,chennai,biryani,0,0.71686711,10,1222.91602,5,dip,0.1558
2892,mid,delhi,arabian,1,0.483441231,7,822.7697401,6,bread,0.2195
2717,mid,delhi,arabian,0,0.715485692,2,835.2355327,33,bread,0.1218
898,mid,chennai,north_indian,1,0.671083204,7,518.6736642,7,bread,0.1194
2017,budget,delhi,fast_food,1,0.470105371,3,596.0068854,6,dip,0.05
2735,mid,bengaluru,continental,1,0.582853885,4,424.8736496,5,side,0.0813
1551,mid,bengaluru,continental,0,0.520512485,7,468.3858872,6,dip,0.1068
2940,mid,chennai,desserts,0,0.260473628,5,567.0636781,25,bread,0.1604
183,mid,bengaluru,north_indian,0,0.773274853,2,274.489496,3,dip,0.0802
108,budget,delhi,south_indian,0,0.308193899,7,521.0769813,4,side,0.0813
2394,mid,mumbai,north_indian,0,0.717736549,6,346.8245818,3,bread,0.0998
2517,budget,mumbai,desserts,1,0.592121069,4,626.92544,2,side,0.0608
1471,budget,bengaluru,fast_food,0,0.419266537,3,274.9887311,3,side,0.0842
1934,budget,hyderabad,italian,0,0.509166299,9,512.5849807,3,bread,0.05
1800,mid,delhi,north_indian,0,0.461197631,6,515.1735569,4,bread,0.1969
1366,budget,hyderabad,continental,1,0.473026543,7,701.8356761,3,side,0.054
3807,premium,mumbai,north_indian,1,0.456475476,5,359.7210474,5,dessert,0.3088
2996,budget,delhi,north_indian,1,0.873808481,7,308.9928674,6,dip,0.05
3757,mid,bengaluru,italian,0,0.05,6,444.0319208,5,drink,0.2953
1610,budget,pune,desserts,1,0.537771192,4,229.1630155,6,bread,0.1301
3507,budget,chennai,north_indian,0,0.562662108,9,178.7293543,27,dip,0.05
3805,mid,delhi,fast_food,1,0.393608721,5,452.5963751,6,dip,0.2251
2484,budget,pune,south_indian,0,0.456888033,8,1054.658833,22,bread,0.1249
2037,mid,hyderabad,italian,1,0.5096952,5,644.1890269,8,drink,0.1805
1952,mid,bengaluru,italian,1,0.30562891,3,759.0103401,23,drink,0.1818
595,budget,hyderabad,fast_food,0,0.317919841,3,336.1216255,5,side,0.0955
1115,budget,hyderabad,biryani,0,0.590680062,3,1175.220475,10,side,0.05
1158,budget,pune,fast_food,0,0.525537302,10,93.58724251,5,side,0.1952
1561,mid,hyderabad,south_indian,0,0.618858327,10,422.5077525,11,dip,0.2009
310,budget,delhi,fast_food,0,0.634126057,2,465.0490673,4,bread,0.0537
3475,budget,delhi,chinese,0,0.44375602,8,756.2558233,6,bread,0.05
1894,premium,chennai,north_indian,0,0.39018996,4,1406.264362,5,dessert,0.2946
2817,budget,mumbai,biryani,0,0.95,3,375.1379925,7,bread,0.05
1486,mid,mumbai,north_indian,0,0.562626891,5,252.4839555,36,bread,0.1313
2864,mid,bengaluru,south_indian,1,0.720373003,5,531.5145826,7,drink,0.1424
2751,mid,bengaluru,biryani,0,0.451580304,12,464.5100596,5,bread,0.0809
830,budget,mumbai,south_indian,1,0.61712587,5,729.9731005,7,dip,0.1401
3928,budget,pune,fast_food,1,0.766530282,5,660.709085,9,dip,0.0902
364,mid,mumbai,arabian,0,0.556101479,5,450.8719272,1,dip,0.1523
3696,premium,delhi,north_indian,0,0.639287094,9,285.6919649,7,dessert,0.2579
2123,budget,delhi,continental,0,0.720754153,4,728.873197,6,side,0.1332
3070,mid,pune,north_indian,0,0.693850826,7,617.252381,8,dip,0.091
3550,budget,bengaluru,italian,0,0.292031109,7,253.7414362,22,bread,0.0924
145,mid,chennai,north_indian,0,0.95,3,1125.44975,1,bread,0.138
3873,budget,delhi,desserts,1,0.77056885,8,944.396798,3,bread,0.05
3026,budget,hyderabad,continental,0,0.574480331,8,936.1911758,8,side,0.05
1840,premium,delhi,continental,0,0.560470476,3,908.5231337,9,dessert,0.2005
1569,budget,bengaluru,italian,1,0.481584919,7,817.3627561,5,dip,0.1555
1560,budget,bengaluru,chinese,1,0.435480247,3,675.9842756,31,dip,0.1206
1962,budget,kolkata,italian,0,0.732258634,4,258.1860487,1,side,0.1093
406,premium,delhi,chinese,0,0.452994977,2,458.4182134,4,drink,0.2495
2973,budget,hyderabad,biryani,1,0.571981011,6,170.0341653,30,bread,0.0823
2836,premium,chennai,continental,1,0.51430343,6,648.6310074,4,drink,0.2784
531,mid,bengaluru,fast_food,1,0.618956996,7,462.2739351,8,drink,0.1275
1758,mid,mumbai,arabian,1,0.808585169,6,731.1596201,27,side,0.1776
2001,budget,chennai,desserts,0,0.758362562,7,730.0221894,6,dip,0.0553
156,budget,bengaluru,biryani,0,0.384229279,11,478.7071486,6,dip,0.0601
1861,premium,bengaluru,biryani,1,0.541602956,8,368.8100743,32,drink,0.2249
1489,budget,chennai,italian,0,0.477225374,10,741.4018722,3,bread,0.0866
1766,budget,bengaluru,arabian,1,0.31210207,8,812.5026805,23,dip,0.05
704,mid,mumbai,italian,0,0.703274149,8,487.4503893,6,drink,0.05
712,budget,bengaluru,continental,0,0.436893549,3,372.6773207,26,side,0.05
264,mid,delhi,north_indian,0,0.659327966,6,868.2793068,29,drink,0.2214
3458,budget,mumbai,desserts,1,0.4893126,4,458.0477341,9,bread,0.1416
398,budget,mumbai,arabian,0,0.417368182,8,1130.8605,4,bread,0.1364
1417,budget,hyderabad,fast_food,0,0.292253403,5,661.0481916,5,side,0.0621
453,budget,mumbai,desserts,0,0.635978275,5,898.7459174,3,bread,0.05
575,mid,bengaluru,biryani,0,0.474769165,4,1157.472068,3,dip,0.1089
2317,premium,delhi,continental,0,0.418912438,11,1004.132545,27,drink,0.2515
848,budget,mumbai,chinese,0,0.814635598,3,580.3517154,4,bread,0.05
926,mid,chennai,arabian,0,0.367273189,9,709.8221771,4,drink,0.1286
2723,mid,chennai,biryani,0,0.279295277,3,558.4185303,5,dip,0.1465
3889,mid,bengaluru,chinese,1,0.597573505,4,612.0642571,5,bread,0.1944
3589,budget,hyderabad,arabian,0,0.894267233,7,507.9140914,5,bread,0.05
3484,mid,chennai,biryani,0,0.440660624,5,451.891691,3,side,0.1584
3960,premium,delhi,chinese,1,0.573271091,5,882.1357291,5,dessert,0.1736
1975,budget,mumbai,arabian,1,0.407403219,7,181.0453438,8,dip,0.1482
3128,budget,delhi,italian,0,0.623321165,5,753.0628639,4,dip,0.0663
420,premium,bengaluru,chinese,0,0.498326117,5,421.3675042,7,drink,0.2931
2347,premium,chennai,fast_food,1,0.501784181,7,423.3242229,30,drink,0.2318
1352,premium,hyderabad,desserts,1,0.494362664,4,402.8720044,6,starter,0.2599
890,budget,mumbai,continental,0,0.634784905,4,869.2707294,4,bread,0.05
2149,mid,hyderabad,desserts,0,0.333840843,5,854.1471876,7,side,0.1987
888,premium,kolkata,north_indian,1,0.409616972,7,347.8877443,7,dessert,0.2967
1762,mid,kolkata,italian,1,0.08314815,8,785.2250606,1,bread,0.1537
2921,mid,chennai,south_indian,0,0.926942203,6,956.3505427,4,side,0.1023
1581,premium,bengaluru,biryani,0,0.605399343,4,307.5753787,4,drink,0.2414
1034,mid,chennai,desserts,0,0.887484307,6,261.3175726,4,bread,0.1022
1395,mid,bengaluru,biryani,0,0.725101939,4,587.9677205,7,drink,0.1443
301,mid,mumbai,north_indian,0,0.792077624,7,999.8844682,5,dip,0.174
3862,premium,chennai,fast_food,1,0.781520656,10,505.4900759,8,drink,0.1999
3488,budget,bengaluru,fast_food,1,0.500761815,7,879.9048463,6,bread,0.1047
2891,premium,bengaluru,south_indian,0,0.244761956,5,422.8389502,22,dessert,0.2615
739,budget,mumbai,arabian,0,0.116461727,6,562.1766416,5,bread,0.1482
2250,budget,hyderabad,arabian,0,0.566791292,9,627.622025,6,side,0.05
2162,budget,mumbai,chinese,0,0.730280422,9,427.559667,4,dip,0.0867
737,mid,delhi,south_indian,1,0.669365129,9,575.7632826,5,side,0.1348
2336,budget,chennai,italian,0,0.757800856,4,79.80940349,22,side,0.05
210,mid,mumbai,continental,0,0.469454144,1,341.6150785,5,dip,0.1117
3692,budget,pune,desserts,0,0.05,5,331.1277968,7,dip,0.138
1667,mid,mumbai,north_indian,0,0.398986692,6,289.2658068,9,side,0.2057
2314,budget,mumbai,italian,1,0.8141937,1,521.8984884,3,dip,0.0649
2952,mid,bengaluru,continental,0,0.568576682,6,566.7776317,5,bread,0.1741
243,budget,mumbai,desserts,0,0.31151685,8,225.6804116,5,bread,0.1058
1457,mid,pune,south_indian,0,0.894638124,7,632.4211968,4,dip,0.063
257,premium,chennai,italian,1,0.05,12,950.091368,6,dessert,0.283
250,mid,bengaluru,continental,1,0.678936634,6,452.6932973,3,side,0.1141
275,budget,bengaluru,arabian,1,0.537850296,3,647.4015147,7,dip,0.1066
2564,budget,chennai,italian,1,0.223074822,6,210.4070578,6,bread,0.095
3941,budget,hyderabad,south_indian,0,0.249909555,4,531.3690114,4,side,0.1318
3214,budget,delhi,chinese,1,0.58059766,2,363.3909623,7,dip,0.05
3962,budget,delhi,south_indian,0,0.30908189,4,620.6184456,4,bread,0.1101
62,premium,chennai,desserts,1,0.466176549,6,245.7859008,5,drink,0.2171
1291,mid,pune,biryani,0,0.523176007,5,447.8652809,4,side,0.2642
37,budget,bengaluru,biryani,0,0.507971666,3,838.5888732,4,bread,0.1003
2223,premium,chennai,italian,0,0.624998081,4,681.0470514,7,dessert,0.2137
1597,mid,mumbai,italian,1,0.653500983,9,346.6264129,6,side,0.137
3917,mid,pune,chinese,1,0.329842083,8,773.2213054,7,side,0.1678
734,mid,bengaluru,italian,1,0.419564985,2,621.1743416,5,side,0.1225
1355,budget,bengaluru,south_indian,1,0.547985083,6,160.3993311,8,side,0.05
2193,mid,delhi,north_indian,0,0.431934917,4,998.088035,5,bread,0.169
2944,mid,delhi,continental,1,0.620019605,7,448.5594903,9,dip,0.1626
2549,premium,bengaluru,north_indian,0,0.419205595,4,994.4646131,3,dessert,0.2541
2385,budget,bengaluru,biryani,0,0.630039508,4,256.8753661,38,dip,0.05
1212,budget,bengaluru,desserts,0,0.403821384,8,322.8411187,5,bread,0.05
1322,premium,mumbai,fast_food,1,0.672561092,8,444.7317253,3,dessert,0.2782
459,budget,delhi,south_indian,0,0.135068536,2,128.1021047,9,side,0.142
1142,mid,delhi,continental,1,0.259076209,9,806.5178932,29,bread,0.1275
3585,premium,delhi,north_indian,0,0.632933293,5,546.9443651,34,starter,0.2465
2257,mid,chennai,italian,1,0.6927569,5,639.7291404,24,bread,0.112
2557,premium,hyderabad,fast_food,0,0.542032739,7,884.1749336,11,drink,0.2573
3356,mid,hyderabad,arabian,0,0.666216611,4,814.0403095,2,side,0.121
2569,budget,kolkata,north_indian,0,0.54994719,11,328.6894553,26,bread,0.1468
2685,budget,hyderabad,arabian,0,0.588736776,4,1003.29748,4,side,0.0815
2846,budget,delhi,continental,0,0.586574017,4,248.7799069,6,dip,0.1113
3680,budget,pune,arabian,0,0.0839791,6,419.7222427,3,dip,0.1457
626,budget,pune,chinese,1,0.308213918,8,688.0666542,31,dip,0.0758
2957,budget,hyderabad,fast_food,0,0.564479336,5,695.7401423,12,side,0.1023
2551,budget,mumbai,north_indian,0,0.278306858,3,590.9784511,4,dip,0.1362
1820,mid,mumbai,italian,0,0.374168942,10,584.9728407,35,side,0.1923
1971,mid,hyderabad,chinese,0,0.361472784,5,523.0272304,36,side,0.2219
3130,mid,chennai,fast_food,1,0.589560349,10,569.6518304,3,drink,0.1171
3900,budget,mumbai,arabian,0,0.456769095,7,445.9539208,7,dip,0.085
1677,premium,hyderabad,arabian,1,0.639231385,9,504.727347,4,starter,0.2242
884,mid,delhi,fast_food,1,0.577279818,8,1086.464471,6,side,0.1928
1134,budget,delhi,south_indian,0,0.221979042,3,830.4725077,28,bread,0.1292
1098,mid,mumbai,south_indian,0,0.378675017,7,774.8491895,34,side,0.1234
2244,mid,mumbai,italian,1,0.409459495,1,779.8426662,5,drink,0.0994
2645,mid,hyderabad,biryani,0,0.678272387,4,283.407732,31,drink,0.1351
2372,mid,chennai,desserts,1,0.530271234,5,590.5634392,3,side,0.1521
1760,mid,bengaluru,fast_food,0,0.167884098,8,463.9750339,10,dip,0.1693
3112,mid,hyderabad,arabian,0,0.429289228,5,553.6686638,3,dip,0.213
142,budget,kolkata,italian,0,0.412433188,3,924.5804581,34,bread,0.0848
1350,budget,mumbai,arabian,0,0.473088977,13,1603.74458,25,side,0.1044
47,premium,chennai,fast_food,0,0.282237517,8,733.7574898,5,drink,0.2443
637,premium,bengaluru,south_indian,1,0.55805128,6,371.9542069,5,starter,0.2221
2254,budget,hyderabad,italian,1,0.57451433,3,855.7302272,27,dip,0.05
1815,premium,hyderabad,fast_food,0,0.595517751,3,620.8007331,9,dessert,0.2205
1574,mid,pune,italian,1,0.364963965,3,277.8750239,2,dip,0.2129
1525,budget,chennai,biryani,0,0.889768705,4,845.0833754,6,side,0.09
1500,mid,hyderabad,south_indian,0,0.589814709,5,817.434871,7,bread,0.0985
2683,mid,hyderabad,continental,0,0.460906709,8,636.0471098,3,side,0.078
1376,mid,pune,arabian,1,0.455668748,7,944.6180174,9,drink,0.183
2621,budget,chennai,fast_food,0,0.638275828,7,468.952304,30,side,0.0821
3172,budget,bengaluru,north_indian,0,0.566982155,2,389.4595577,4,side,0.1299
3485,mid,chennai,biryani,0,0.819672691,1,827.5862722,10,side,0.1435
2233,budget,hyderabad,biryani,0,0.540654785,5,1273.632635,35,side,0.05
644,budget,chennai,north_indian,1,0.149866627,5,336.4080675,6,dip,0.145
3415,premium,delhi,arabian,0,0.43404343,8,326.0114935,5,dessert,0.3143
2164,premium,hyderabad,desserts,0,0.25021592,5,526.5842898,39,starter,0.3067
189,mid,chennai,chinese,0,0.528449672,0,1074.815097,5,drink,0.2032
1054,mid,kolkata,biryani,1,0.227164791,6,533.440395,4,drink,0.1411
2647,mid,hyderabad,fast_food,0,0.416578518,3,1346.232914,34,drink,0.2535
3323,budget,delhi,south_indian,1,0.470478771,10,961.0141007,21,bread,0.1088
615,budget,bengaluru,fast_food,0,0.467957182,9,453.2215243,7,bread,0.05
836,budget,kolkata,arabian,0,0.711486654,2,492.5667165,39,side,0.0879
2924,premium,chennai,chinese,0,0.572356908,3,765.0956345,7,drink,0.2005
2055,mid,pune,fast_food,1,0.844122048,8,367.4325335,5,bread,0.083
3607,budget,pune,desserts,0,0.599929647,2,745.0842237,3,side,0.1092
1646,mid,bengaluru,chinese,1,0.602226899,5,740.4286348,6,dip,0.1443
3368,budget,kolkata,desserts,0,0.368481803,7,541.6319371,7,dip,0.1238
3657,premium,bengaluru,chinese,1,0.597052612,7,584.1905544,7,dessert,0.1868
3462,budget,pune,south_indian,1,0.499004354,1,368.2792642,5,dip,0.1242
3788,budget,mumbai,south_indian,0,0.674655355,6,841.6199639,3,dip,0.0718
2364,budget,mumbai,desserts,0,0.43357501,3,1076.819048,4,bread,0.05
1925,premium,delhi,fast_food,1,0.820933117,6,444.7412521,7,dessert,0.1276
540,mid,pune,arabian,1,0.389856449,3,380.5480072,28,dip,0.2006
673,mid,bengaluru,italian,0,0.40764829,8,810.635611,4,bread,0.1085
3160,budget,bengaluru,continental,0,0.357570153,1,455.8613226,21,dip,0.0842
2610,mid,hyderabad,fast_food,1,0.490250042,4,555.0248477,22,bread,0.2081
3853,budget,mumbai,arabian,0,0.348334663,5,453.8582376,8,side,0.1153
1414,mid,pune,north_indian,0,0.561101635,6,684.2678444,5,drink,0.1145
3225,mid,kolkata,desserts,0,0.672387931,9,1912.209072,27,dip,0.1679
1579,mid,mumbai,fast_food,0,0.734877948,7,1022.150843,34,drink,0.1823
2503,premium,bengaluru,arabian,1,0.217166875,5,280.7257417,25,starter,0.222
2888,mid,mumbai,fast_food,1,0.213998466,13,343.6340005,3,bread,0.1715
2704,premium,hyderabad,chinese,0,0.501030537,9,609.7339215,9,drink,0.2819
1998,mid,kolkata,arabian,0,0.26550862,7,459.5680321,30,bread,0.197
3537,budget,bengaluru,desserts,0,0.516106424,8,594.109197,7,side,0.0976
2648,mid,kolkata,south_indian,0,0.877038471,5,1089.62589,7,side,0.1154
2101,premium,bengaluru,south_indian,1,0.657247862,2,1116.861039,5,starter,0.3092
170,mid,pune,chinese,0,0.51348579,9,227.2340277,4,bread,0.1833
354,mid,bengaluru,chinese,0,0.503382946,4,644.1528885,2,bread,0.155
3617,budget,delhi,south_indian,0,0.2008079,8,790.310371,6,dip,0.0935
1680,mid,delhi,continental,0,0.313746272,10,496.7835785,8,bread,0.1713
2657,mid,pune,desserts,0,0.63571918,6,450.0620029,6,drink,0.1439
3328,mid,hyderabad,continental,1,0.330139217,3,1272.456643,5,drink,0.2008
3039,mid,mumbai,biryani,0,0.398839693,4,228.8757442,11,drink,0.1623
206,budget,mumbai,north_indian,0,0.443639755,2,518.6031851,9,side,0.05
2954,budget,hyderabad,italian,0,0.320395432,9,1011.267448,3,dip,0.0945
180,budget,mumbai,chinese,0,0.196302516,10,713.057527,29,side,0.1119
3302,mid,bengaluru,south_indian,0,0.360140639,8,531.7254349,0,dip,0.1468
2928,mid,hyderabad,continental,0,0.185154756,8,160.4344181,6,dip,0.2373
3547,mid,bengaluru,continental,0,0.564338437,4,1059.744392,23,side,0.1858
2272,budget,hyderabad,fast_food,1,0.312037335,1,743.9710952,30,bread,0.1455
3007,mid,chennai,fast_food,1,0.431045228,9,1212.27017,4,drink,0.0919
401,mid,mumbai,north_indian,1,0.602276562,5,1013.376637,26,side,0.221
2981,mid,mumbai,arabian,0,0.498212099,4,352.5449385,1,side,0.229
1325,budget,mumbai,biryani,0,0.206371721,3,367.0012806,32,bread,0.1319
1286,mid,hyderabad,italian,0,0.412890919,5,323.8151882,6,drink,0.1998
2630,mid,pune,continental,0,0.657444545,7,542.7256989,5,dip,0.1339
1977,premium,bengaluru,fast_food,0,0.548207406,4,1035.837394,39,drink,0.266
200,premium,mumbai,italian,0,0.436696221,5,292.1381701,29,starter,0.2702
2618,mid,delhi,italian,0,0.371859071,0,1557.863787,25,drink,0.2144
3555,mid,delhi,south_indian,0,0.295205741,6,370.9156026,29,side,0.1849
1088,premium,pune,desserts,0,0.415479047,4,903.4207793,6,dessert,0.2805
2451,budget,hyderabad,biryani,1,0.05,5,558.8973381,5,dip,0.164
2870,mid,hyderabad,chinese,1,0.519224107,5,782.5834483,6,drink,0.2121
3029,budget,delhi,biryani,0,0.05,8,262.8635794,10,side,0.1464
2299,premium,mumbai,chinese,1,0.619998413,9,720.3288726,2,starter,0.3076
3735,premium,hyderabad,biryani,0,0.322352709,6,980.8813882,31,starter,0.3361
6,budget,bengaluru,chinese,1,0.444843891,3,697.4556113,34,dip,0.1086
978,budget,kolkata,chinese,1,0.22584461,9,513.5197419,9,dip,0.0872
3519,mid,mumbai,italian,0,0.402233261,5,298.3255873,28,side,0.1658
2542,budget,bengaluru,arabian,0,0.678563046,5,477.2448535,6,bread,0.05
516,budget,delhi,chinese,0,0.585719727,1,331.4227318,2,side,0.05
1281,mid,delhi,north_indian,0,0.395412727,6,762.872537,6,bread,0.2136
2456,budget,chennai,continental,0,0.799302041,8,930.6161851,4,dip,0.1116
3564,budget,chennai,desserts,0,0.535440185,7,371.8900814,40,dip,0.1149
2711,mid,mumbai,italian,1,0.255769327,5,1013.205132,5,drink,0.1812
499,budget,hyderabad,fast_food,0,0.430832582,4,321.2394667,7,bread,0.0788
2871,budget,bengaluru,chinese,0,0.285478521,5,538.0341924,7,side,0.1225
3736,mid,bengaluru,chinese,0,0.509183481,4,763.673219,6,dip,0.184
3430,premium,pune,arabian,0,0.408704166,1,455.3143736,4,drink,0.3645
1048,budget,pune,fast_food,1,0.56774713,6,545.1546997,23,dip,0.05
1293,premium,bengaluru,fast_food,0,0.291886847,4,1018.877109,4,starter,0.2881
1761,budget,delhi,arabian,0,0.49415722,7,485.4531785,3,bread,0.05
1691,budget,chennai,south_indian,0,0.58824649,5,178.6240406,25,bread,0.0556
3217,budget,bengaluru,chinese,1,0.206554317,8,675.382064,4,side,0.0604
55,budget,hyderabad,biryani,0,0.49219033,10,525.599834,25,bread,0.0859
1277,budget,mumbai,biryani,1,0.693378478,8,855.9540274,3,dip,0.05
353,mid,chennai,desserts,0,0.272224531,6,370.3162823,5,side,0.1939
3268,mid,mumbai,biryani,0,0.813904954,8,362.5085442,30,drink,0.1078
629,budget,hyderabad,continental,1,0.521416012,7,792.3654251,33,dip,0.1123
815,mid,delhi,desserts,0,0.426285727,6,325.7174747,40,dip,0.1886
3423,budget,delhi,fast_food,0,0.29232378,5,445.9792392,5,dip,0.0881
1895,budget,mumbai,south_indian,0,0.727975339,8,1084.193881,10,dip,0.1539
3841,budget,pune,biryani,1,0.420774935,9,446.106767,8,side,0.0676
3073,budget,bengaluru,north_indian,0,0.213432382,3,912.5918153,3,side,0.085
2131,budget,delhi,fast_food,0,0.414703286,9,1159.274814,22,bread,0.0622
2850,mid,chennai,south_indian,0,0.803585877,5,503.2600317,6,drink,0.1308
2116,premium,pune,continental,1,0.667849246,5,256.5065933,4,drink,0.2588
376,budget,bengaluru,south_indian,0,0.206140715,6,770.744449,27,dip,0.1449
2748,budget,bengaluru,desserts,0,0.246124009,6,727.0932807,7,dip,0.0595
269,budget,hyderabad,north_indian,0,0.433395035,6,549.9702112,3,side,0.05
596,budget,hyderabad,continental,0,0.911969847,8,417.4757738,8,bread,0.05
2616,budget,bengaluru,fast_food,0,0.53956232,3,1513.29273,5,side,0.0504
1069,budget,mumbai,desserts,0,0.573423244,7,454.3829587,8,dip,0.0878
663,mid,delhi,arabian,1,0.489468886,5,1095.542821,8,side,0.217
1473,premium,bengaluru,fast_food,1,0.256542958,7,423.069104,6,starter,0.3106
1319,mid,delhi,fast_food,0,0.515423551,6,774.0759872,32,bread,0.1932
1035,mid,mumbai,desserts,0,0.160068103,8,285.8479254,5,bread,0.1888
3875,mid,chennai,desserts,1,0.806110112,4,879.3624176,8,bread,0.091
1956,budget,bengaluru,desserts,1,0.366824277,6,668.4391296,9,dip,0.1715
807,budget,mumbai,chinese,0,0.371607594,6,560.090348,10,bread,0.0588
1802,premium,kolkata,continental,0,0.467377801,9,323.0564825,1,dessert,0.3524
2418,mid,mumbai,desserts,0,0.824170072,5,760.1580426,5,bread,0.1691
378,mid,mumbai,continental,1,0.779358849,6,322.0220114,4,dip,0.1305
1080,budget,bengaluru,desserts,0,0.478191662,5,477.2939234,6,side,0.05
3971,premium,mumbai,fast_food,0,0.287670811,9,1244.27979,4,drink,0.289
1946,budget,bengaluru,arabian,0,0.476118481,8,1053.606994,6,side,0.05
141,premium,chennai,desserts,1,0.412767984,4,548.5502111,3,starter,0.28
3165,budget,hyderabad,chinese,1,0.249284625,5,143.709239,4,dip,0.1473
995,budget,hyderabad,south_indian,0,0.466347995,4,327.658318,5,dip,0.0619
1821,premium,delhi,biryani,0,0.818368369,14,305.9045954,4,dessert,0.1964
2835,mid,mumbai,biryani,0,0.582995827,4,847.0845005,6,drink,0.1524
1174,budget,hyderabad,chinese,0,0.687620138,7,1143.654208,9,dip,0.0518
192,mid,hyderabad,arabian,0,0.179612779,3,478.5041329,3,dip,0.2459
511,premium,hyderabad,chinese,1,0.562758452,9,145.5766369,24,drink,0.2586
1749,budget,bengaluru,chinese,0,0.447069609,6,953.6346176,4,side,0.0672
1218,mid,bengaluru,desserts,0,0.475855342,6,928.8911412,3,bread,0.1875
3708,budget,delhi,north_indian,0,0.537104714,2,992.6422511,9,side,0.1011
1633,mid,delhi,continental,0,0.378235963,4,232.3453395,3,side,0.1884
2381,budget,bengaluru,continental,0,0.558670108,4,656.7268125,4,bread,0.0531
3453,budget,bengaluru,north_indian,0,0.840560941,6,488.0556897,3,side,0.0858
3409,budget,bengaluru,continental,1,0.494737492,4,750.6450743,3,bread,0.0629
1932,premium,delhi,fast_food,0,0.776559485,7,829.5161663,34,starter,0.2476
1518,mid,mumbai,continental,0,0.276622061,7,176.1286379,7,bread,0.1558
1812,budget,delhi,arabian,0,0.548101575,4,754.3503171,4,side,0.05
2126,premium,bengaluru,arabian,1,0.764872147,4,1274.117216,9,starter,0.2757
924,budget,hyderabad,arabian,0,0.272813147,6,654.6827896,7,side,0.1319
1014,budget,chennai,italian,1,0.692084515,10,237.7894069,9,side,0.05
3209,budget,hyderabad,south_indian,1,0.43697582,7,523.6827451,4,dip,0.0832
1949,mid,bengaluru,south_indian,1,0.497987424,6,531.3003031,37,side,0.1797
2497,budget,hyderabad,biryani,0,0.95,5,1179.147334,0,bread,0.05
1624,mid,bengaluru,north_indian,0,0.320081181,6,757.8262154,5,drink,0.2179
2980,mid,mumbai,italian,0,0.588798066,7,519.1341189,5,dip,0.116
603,mid,mumbai,fast_food,1,0.554939881,5,397.2435727,6,dip,0.17
917,budget,pune,south_indian,0,0.95,5,446.6863688,4,bread,0.05
334,mid,hyderabad,chinese,1,0.385962381,3,590.4602415,5,side,0.1355
1685,mid,bengaluru,south_indian,1,0.615398904,9,720.3932208,3,side,0.1405
3489,mid,chennai,italian,0,0.559403744,6,869.2147099,6,bread,0.223
3973,mid,chennai,continental,1,0.478970058,7,136.4898922,3,drink,0.1453
2941,budget,hyderabad,arabian,0,0.810372594,9,977.9664774,1,dip,0.05
3375,budget,chennai,chinese,1,0.500244005,4,554.3240376,2,side,0.05
14,budget,chennai,south_indian,0,0.588845178,12,246.8884559,4,dip,0.0976
2722,mid,mumbai,continental,0,0.451881504,5,441.7639006,4,dip,0.2173
2859,budget,bengaluru,south_indian,0,0.421091257,8,618.704063,3,bread,0.05
3515,premium,mumbai,south_indian,0,0.486966624,4,337.7865563,33,dessert,0.2881
1917,budget,mumbai,italian,1,0.353972684,3,748.031068,5,bread,0.0902
1683,mid,bengaluru,fast_food,1,0.610550404,6,450.6258679,9,dip,0.1675
3274,mid,pune,chinese,1,0.431111951,2,695.3962044,7,side,0.1984
3366,mid,bengaluru,desserts,0,0.05,8,1462.641323,8,dip,0.2188
2414,budget,mumbai,south_indian,1,0.391381951,4,227.481474,2,side,0.0988
2574,budget,kolkata,arabian,0,0.862972023,12,306.529717,3,bread,0.05
3901,mid,hyderabad,chinese,0,0.860180593,4,394.05461,28,bread,0.1278
1442,budget,bengaluru,fast_food,1,0.361888327,8,651.4143801,11,bread,0.1638
284,mid,bengaluru,italian,1,0.727409826,6,603.3222883,2,dip,0.1314
1503,budget,mumbai,north_indian,0,0.508899882,5,587.5917085,7,side,0.0536
3709,budget,chennai,continental,1,0.611193323,2,570.4698459,4,dip,0.1187
2045,budget,hyderabad,south_indian,0,0.778938681,10,519.3141082,3,bread,0.0622
2786,budget,chennai,biryani,1,0.50866342,9,430.9668873,7,dip,0.1151
1099,budget,mumbai,fast_food,1,0.390659647,7,2467.935945,6,bread,0.1202
2675,mid,delhi,continental,1,0.46102211,4,379.5222555,0,side,0.1277
2747,premium,hyderabad,chinese,0,0.306612407,3,223.973335,3,starter,0.2826
1743,mid,pune,desserts,1,0.564840631,7,516.6986974,21,bread,0.1707
1572,mid,bengaluru,italian,1,0.375052953,8,681.3416923,3,side,0.2417
2991,premium,chennai,south_indian,1,0.497616983,3,1056.679462,31,drink,0.2593
2382,mid,chennai,italian,1,0.482836068,4,849.7160777,6,dip,0.2436
115,budget,hyderabad,arabian,0,0.566586758,5,1103.788408,28,bread,0.1661
1948,budget,chennai,south_indian,0,0.918135513,5,66.44249049,4,bread,0.05
3626,mid,delhi,north_indian,0,0.663011843,5,165.7937953,27,drink,0.1598
1600,budget,hyderabad,fast_food,0,0.538058793,7,1210.853837,26,dip,0.0965
1135,mid,kolkata,chinese,0,0.410156878,5,594.2422312,6,bread,0.2584
2133,budget,hyderabad,continental,1,0.371034951,5,499.5212371,33,side,0.0748
664,budget,mumbai,south_indian,0,0.483261617,7,1402.371601,5,dip,0.0703
948,budget,delhi,south_indian,0,0.652339652,5,402.3385438,31,bread,0.1007
2939,mid,mumbai,biryani,0,0.690401413,5,1002.482751,3,side,0.1514
3595,premium,mumbai,north_indian,0,0.492851605,5,850.0316454,49,starter,0.2101
3299,mid,hyderabad,south_indian,0,0.496796892,6,482.7405417,5,side,0.2314
861,budget,mumbai,south_indian,0,0.11577587,6,1176.09332,7,bread,0.1257
462,mid,delhi,chinese,0,0.232092716,8,1474.876949,38,drink,0.2441
19,premium,bengaluru,biryani,0,0.551751255,7,1022.876798,9,drink,0.3024
1994,budget,bengaluru,continental,0,0.253974286,4,551.2006929,6,dip,0.145
776,budget,chennai,chinese,0,0.591346101,4,877.2730445,6,dip,0.05
1856,mid,kolkata,fast_food,0,0.677954655,4,1289.588371,5,dip,0.1047
3459,mid,bengaluru,north_indian,0,0.478645308,7,631.8576984,26,side,0.1263
2578,budget,bengaluru,north_indian,0,0.615423556,6,748.337872,8,dip,0.05
93,budget,hyderabad,south_indian,0,0.374053095,5,226.9670363,3,bread,0.1178
1609,budget,hyderabad,south_indian,1,0.460906192,5,1679.842807,5,dip,0.05
2801,budget,bengaluru,chinese,1,0.336007288,8,469.3269306,5,bread,0.0913
2903,budget,bengaluru,desserts,0,0.441322225,5,435.2797993,31,side,0.05
2794,budget,hyderabad,italian,1,0.304406921,6,479.3217074,28,dip,0.096
3448,budget,bengaluru,continental,0,0.31474049,8,602.8203423,5,bread,0.1106
3503,budget,bengaluru,continental,1,0.788037338,5,347.360497,6,side,0.05
2340,budget,bengaluru,arabian,0,0.61310379,8,1738.147617,5,bread,0.05
2206,mid,mumbai,desserts,0,0.548014884,5,450.6195675,5,bread,0.2056
3102,budget,pune,fast_food,1,0.278180552,3,549.5621412,27,bread,0.1566
3021,budget,mumbai,biryani,0,0.29325406,7,1036.698767,4,side,0.1317
1284,premium,delhi,biryani,0,0.657887196,8,575.8361482,37,dessert,0.2382
3437,mid,mumbai,north_indian,0,0.47729313,5,664.1063156,6,side,0.1291
2268,mid,bengaluru,fast_food,1,0.727077885,3,758.0175465,5,side,0.1234
2930,budget,delhi,desserts,1,0.390850698,6,603.6350442,5,dip,0.05
2655,premium,pune,chinese,0,0.05,6,503.933331,32,starter,0.2559
3545,budget,hyderabad,desserts,0,0.31234907,5,705.1232413,5,side,0.1089
973,budget,chennai,biryani,0,0.521254562,4,853.117311,29,dip,0.1436
899,premium,pune,chinese,0,0.682325738,7,938.8468584,0,dessert,0.2057
3774,budget,hyderabad,continental,1,0.574643124,7,582.6033162,26,side,0.05
2043,budget,mumbai,north_indian,0,0.885984803,3,282.851838,29,side,0.05
3684,premium,bengaluru,chinese,0,0.616571886,8,355.5004601,4,starter,0.2723
3548,mid,bengaluru,continental,1,0.603766065,4,1387.641316,9,dip,0.1293
386,mid,pune,arabian,0,0.612854182,5,637.5744351,6,drink,0.1377
1084,premium,chennai,south_indian,0,0.626681583,7,866.1444436,31,dessert,0.2972
3658,budget,mumbai,fast_food,1,0.520801329,6,318.3291455,35,bread,0.05
2584,budget,mumbai,desserts,1,0.57431895,6,1011.542331,7,dip,0.05
3324,budget,hyderabad,arabian,1,0.447822188,9,265.7842591,5,bread,0.05
315,budget,chennai,fast_food,0,0.910243657,5,1013.023767,4,side,0.05
1329,premium,bengaluru,arabian,0,0.767730822,5,770.7416393,11,drink,0.2771
1573,mid,mumbai,north_indian,0,0.415254233,4,880.2285792,32,side,0.1337
877,budget,bengaluru,fast_food,0,0.550285268,5,971.6189736,7,dip,0.0718
3776,mid,delhi,fast_food,1,0.678334722,7,1083.647053,6,drink,0.1619
3822,mid,pune,south_indian,0,0.05,6,150.4390286,6,dip,0.2165
3480,mid,delhi,chinese,0,0.566009022,5,531.7148826,2,bread,0.1106
2294,mid,kolkata,north_indian,0,0.291950567,4,189.4721913,5,dip,0.2282
952,budget,bengaluru,continental,1,0.248755375,11,975.6821023,3,bread,0.1321
1312,mid,bengaluru,biryani,1,0.544689283,3,719.9949443,7,drink,0.1836
3155,mid,kolkata,biryani,0,0.256990849,5,367.4399186,5,side,0.2191
1843,budget,pune,arabian,1,0.492009258,7,290.3815576,23,side,0.1154
2323,budget,hyderabad,north_indian,1,0.455158624,9,544.5423019,3,side,0.05
1792,mid,hyderabad,south_indian,1,0.45578584,7,580.5028443,9,bread,0.1507
3835,budget,bengaluru,north_indian,1,0.409314648,3,530.9210566,3,dip,0.096
640,premium,chennai,north_indian,1,0.490773463,12,944.1871923,5,drink,0.2635
2972,mid,hyderabad,italian,0,0.479687134,8,610.4859684,1,dip,0.1332
1985,mid,bengaluru,biryani,0,0.282863016,5,981.467827,32,drink,0.1904
2640,mid,delhi,chinese,1,0.478296614,6,166.7513782,6,drink,0.1133
616,budget,hyderabad,biryani,1,0.197583628,3,999.4067898,3,bread,0.0812
1431,premium,mumbai,arabian,0,0.635846996,13,692.4997099,5,drink,0.2021
701,budget,hyderabad,south_indian,0,0.148843223,2,1720.785643,8,side,0.1413
3931,budget,bengaluru,biryani,0,0.601409241,2,389.5623535,6,dip,0.082
2538,mid,chennai,continental,1,0.333712375,9,799.0009897,9,side,0.2325
1662,mid,hyderabad,continental,0,0.723838661,6,176.3368008,38,bread,0.1278
1285,budget,chennai,chinese,0,0.816585385,6,250.7849071,28,bread,0.05
1237,budget,mumbai,biryani,0,0.511799416,4,874.7530772,3,side,0.1226
2547,budget,pune,arabian,1,0.575344095,8,588.3141713,5,bread,0.0809
1502,budget,bengaluru,desserts,0,0.713167311,9,641.1930755,6,side,0.05
3035,premium,mumbai,south_indian,0,0.289406387,8,477.0743762,2,drink,0.2489
1832,mid,hyderabad,italian,1,0.63659408,11,378.7899577,9,side,0.1948
1942,mid,hyderabad,arabian,1,0.741594382,6,1066.796863,2,side,0.1215
410,budget,pune,desserts,0,0.499079125,5,429.5834652,4,side,0.0854
506,mid,bengaluru,south_indian,1,0.340205143,6,619.3709399,8,dip,0.184
2389,mid,delhi,desserts,0,0.351454247,7,651.8514112,5,bread,0.1651
740,budget,delhi,biryani,1,0.634822024,8,878.3251236,10,dip,0.1062
3731,budget,bengaluru,fast_food,1,0.304538357,5,370.595858,27,dip,0.1148
2432,mid,hyderabad,arabian,0,0.646047998,2,254.8317116,2,dip,0.1123
1768,budget,mumbai,arabian,1,0.48339668,5,905.45175,10,side,0.05
1002,budget,mumbai,south_indian,1,0.428213025,5,545.0095494,1,dip,0.0819
3977,mid,delhi,arabian,1,0.1901261,4,501.2297263,4,side,0.1666
3016,mid,delhi,chinese,0,0.327492419,11,552.8500648,34,dip,0.1368
2565,mid,delhi,north_indian,0,0.305267009,9,1287.03597,5,bread,0.2236
1940,premium,mumbai,chinese,0,0.788174678,4,361.6396492,7,dessert,0.2548
882,mid,chennai,desserts,0,0.444939162,3,650.5701601,30,side,0.2207
730,mid,chennai,arabian,0,0.069936569,5,952.8351827,5,side,0.2151
541,mid,pune,biryani,0,0.597258728,5,757.8289701,5,drink,0.05
2831,budget,chennai,italian,1,0.753398762,3,435.2282769,7,bread,0.0727
487,budget,delhi,italian,1,0.349639827,2,333.0229164,3,bread,0.1097
3639,mid,kolkata,south_indian,1,0.44931334,2,608.610041,2,side,0.1369
231,mid,kolkata,continental,0,0.571768005,7,1023.359596,7,drink,0.1811
3390,mid,hyderabad,desserts,0,0.564010318,4,1014.93275,4,bread,0.1251
1309,mid,hyderabad,desserts,1,0.53301372,5,569.0672537,32,side,0.1886
1215,budget,delhi,continental,0,0.365887753,8,111.7099432,3,bread,0.05
1911,mid,delhi,fast_food,1,0.431598993,6,617.0464091,4,drink,0.174
2917,premium,pune,chinese,0,0.257639351,6,147.3969837,27,starter,0.2865
1891,mid,mumbai,north_indian,1,0.719830075,8,703.0489285,36,drink,0.223
1781,mid,bengaluru,arabian,1,0.533195826,8,648.8993247,27,drink,0.1303
1816,mid,hyderabad,south_indian,0,0.553760696,6,683.938253,33,drink,0.1352
3009,mid,bengaluru,italian,1,0.716291526,9,715.6212467,35,side,0.1387
3963,mid,chennai,north_indian,0,0.782814988,7,550.9585489,4,drink,0.1544
2332,budget,mumbai,north_indian,0,0.308250692,3,438.8531091,28,bread,0.0723
1370,premium,mumbai,italian,1,0.697737621,8,844.4145709,4,starter,0.1832
3314,premium,chennai,north_indian,0,0.753059504,9,960.6095239,10,starter,0.2725
3785,premium,hyderabad,arabian,1,0.522680148,5,393.3695401,37,drink,0.2462
2654,mid,hyderabad,chinese,0,0.540374552,9,597.2038626,5,side,0.0943
1871,mid,chennai,biryani,1,0.05,11,669.8706739,6,side,0.1703
2533,budget,pune,south_indian,0,0.419985677,4,447.3151921,0,side,0.1114
1499,budget,chennai,biryani,0,0.05,4,400.8782377,6,dip,0.1376
1411,mid,hyderabad,italian,0,0.758120377,4,388.6049835,27,bread,0.1081
3293,budget,chennai,chinese,1,0.410973671,10,483.7056875,4,dip,0.1477
1311,budget,mumbai,biryani,1,0.394448923,5,1150.3452,26,dip,0.05
870,mid,mumbai,fast_food,0,0.468915499,7,455.5135212,3,bread,0.114
1687,budget,bengaluru,south_indian,1,0.609865923,5,368.9591029,10,bread,0.1565
2390,mid,bengaluru,desserts,0,0.306353462,8,958.9866979,6,bread,0.1225
2189,mid,hyderabad,north_indian,0,0.245646182,4,338.4628531,31,drink,0.194
2014,mid,chennai,italian,0,0.61363231,5,587.2989296,7,drink,0.0724
3571,budget,hyderabad,north_indian,0,0.478719503,5,702.3733519,7,side,0.05
1724,mid,delhi,biryani,0,0.706036088,7,395.0655932,9,dip,0.1065
732,budget,hyderabad,north_indian,0,0.376671502,6,1053.902605,1,side,0.0612
1520,budget,mumbai,italian,0,0.280309892,11,475.5359589,2,bread,0.1554
2810,budget,pune,south_indian,0,0.914602713,4,533.6070575,4,dip,0.05
2455,mid,bengaluru,south_indian,0,0.337209933,9,487.9753608,3,side,0.1792
3178,mid,chennai,biryani,0,0.751533163,3,954.2090808,3,dip,0.1407
2879,mid,pune,fast_food,1,0.49800323,7,723.0570338,10,bread,0.138
2113,mid,mumbai,continental,1,0.366515955,3,378.3656453,7,bread,0.1565
2599,budget,hyderabad,south_indian,1,0.193557701,10,357.7042493,38,dip,0.1599
1776,premium,delhi,arabian,0,0.249502824,12,364.8740084,7,starter,0.2729
3278,mid,mumbai,chinese,0,0.280001277,6,634.2002215,6,drink,0.1913
2486,budget,bengaluru,north_indian,0,0.475933686,8,674.7820865,24,side,0.0732
828,budget,hyderabad,italian,1,0.931978206,8,91.82686691,38,side,0.0588
1595,budget,kolkata,north_indian,0,0.293818656,7,292.6055263,7,dip,0.1523
574,budget,kolkata,continental,1,0.527215307,3,536.8228029,34,bread,0.0699
2290,mid,mumbai,arabian,0,0.547469894,1,573.0761864,24,bread,0.2036
2945,mid,chennai,biryani,1,0.499621643,2,859.8553473,8,drink,0.1257
1338,mid,mumbai,fast_food,0,0.353380702,5,699.8173536,29,dip,0.2088
3063,mid,mumbai,arabian,0,0.450481159,6,259.6937573,33,dip,0.1055
305,mid,hyderabad,desserts,1,0.450982762,2,721.8886708,4,bread,0.2045
1310,mid,hyderabad,continental,0,0.368665283,3,231.0533973,8,drink,0.1838
1295,mid,delhi,chinese,0,0.391290193,6,308.6550037,7,dip,0.1535
2086,budget,hyderabad,continental,0,0.55986849,13,358.8366387,1,side,0.1041
851,premium,bengaluru,chinese,0,0.415912366,5,299.6428793,6,starter,0.2208
1172,budget,hyderabad,desserts,0,0.48994482,5,1228.807375,7,dip,0.1017
657,budget,hyderabad,south_indian,1,0.684025498,4,1057.191731,2,dip,0.05
1524,mid,delhi,north_indian,1,0.114604623,10,215.4180704,9,bread,0.2425
3331,mid,pune,south_indian,0,0.464249248,5,387.427366,6,bread,0.1589
1090,budget,bengaluru,north_indian,1,0.662482379,6,1067.904934,5,dip,0.05
1070,premium,hyderabad,biryani,0,0.406920227,7,504.4366396,21,drink,0.3532
1074,mid,delhi,fast_food,1,0.536543027,6,375.4892763,30,dip,0.1338
450,mid,mumbai,italian,1,0.95,6,766.145209,6,dip,0.1298
100,budget,delhi,arabian,1,0.270835252,6,274.4138561,25,side,0.05
2110,mid,mumbai,chinese,0,0.294604904,7,702.9700468,6,side,0.235
2396,budget,pune,north_indian,0,0.320408411,5,364.3009602,6,bread,0.0766
2228,mid,delhi,biryani,1,0.274778091,3,467.900419,3,side,0.1467
1673,premium,hyderabad,fast_food,1,0.54815761,6,501.1908189,3,drink,0.2237
1464,premium,chennai,arabian,0,0.397221464,8,1057.372719,7,dessert,0.2514
3275,budget,bengaluru,north_indian,0,0.286990343,6,673.4408287,24,side,0.1313
408,budget,delhi,arabian,1,0.378640624,7,717.0176292,5,bread,0.0624
2934,mid,chennai,continental,1,0.727153002,2,620.1906194,7,bread,0.1888
658,budget,pune,continental,0,0.694536836,2,788.8439377,7,side,0.0714
1390,premium,mumbai,biryani,0,0.36286598,8,483.5925828,21,dessert,0.2137
2631,budget,mumbai,italian,1,0.942213829,3,1002.238972,5,side,0.0712
1302,mid,chennai,north_indian,1,0.45361725,7,621.027202,31,side,0.1626
1714,mid,hyderabad,chinese,0,0.255505303,6,554.0720532,4,dip,0.2061
699,budget,delhi,arabian,1,0.455880839,5,723.928392,4,bread,0.1686
2901,budget,bengaluru,arabian,1,0.3341137,3,618.4243083,33,side,0.0787
1653,mid,kolkata,italian,1,0.433694537,11,605.2398293,2,drink,0.2109
905,budget,hyderabad,north_indian,1,0.05,8,598.9481076,8,bread,0.1767
2159,mid,mumbai,fast_food,0,0.400575924,8,652.4560912,5,drink,0.1989
13,mid,kolkata,arabian,0,0.438492973,5,331.3824482,27,drink,0.1786
1644,budget,hyderabad,arabian,1,0.670673379,2,283.1688249,7,side,0.0938
190,budget,delhi,italian,1,0.490999623,3,699.7372747,36,dip,0.0987
1702,mid,hyderabad,italian,0,0.95,6,585.5215361,5,dip,0.097
3175,budget,hyderabad,south_indian,0,0.295145544,6,787.3040438,6,bread,0.1392
1637,mid,bengaluru,desserts,1,0.78805345,9,304.3613863,30,dip,0.0917
2768,budget,mumbai,arabian,0,0.529301965,4,628.4121957,36,bread,0.0682
2129,budget,mumbai,desserts,0,0.460878986,7,873.6572509,7,dip,0.0714
1334,budget,mumbai,south_indian,0,0.514569235,3,395.5725458,22,dip,0.0637
3693,mid,bengaluru,desserts,1,0.578044652,4,167.5776585,9,bread,0.1285
2468,mid,mumbai,biryani,0,0.110269119,7,395.4492821,5,bread,0.2701
1786,budget,delhi,arabian,1,0.56458356,5,305.4289543,5,side,0.05
3527,budget,hyderabad,continental,0,0.729930625,4,380.1379081,2,bread,0.0681
2483,mid,mumbai,desserts,0,0.913810765,5,900.1742571,3,bread,0.0864
229,budget,bengaluru,italian,1,0.802942568,7,757.7858585,4,dip,0.0548
1647,budget,pune,arabian,0,0.703468359,6,147.6346234,26,bread,0.067
2583,mid,bengaluru,biryani,1,0.407760863,2,310.325621,5,drink,0.2081
2286,mid,mumbai,fast_food,0,0.563171129,4,629.9936172,30,drink,0.1807
381,premium,hyderabad,south_indian,1,0.498757176,5,344.0481512,36,drink,0.331
570,budget,hyderabad,fast_food,0,0.358546758,5,482.0047045,1,dip,0.124
3189,budget,hyderabad,desserts,0,0.576483403,3,592.3663754,4,side,0.05
522,budget,delhi,biryani,0,0.13734503,6,219.3630703,1,dip,0.1416
8,budget,mumbai,fast_food,1,0.209359862,5,828.4110539,11,dip,0.159
252,budget,chennai,italian,0,0.68778301,7,998.6249904,4,bread,0.05
3667,budget,chennai,chinese,1,0.387703219,9,363.2715317,1,side,0.1061
3408,premium,delhi,arabian,1,0.949523758,7,348.316397,5,dessert,0.1444
240,budget,hyderabad,fast_food,1,0.476479863,6,165.0138731,27,bread,0.0882
868,mid,mumbai,south_indian,0,0.580442675,6,789.2305503,7,bread,0.167
387,budget,bengaluru,italian,0,0.452147025,3,522.2133621,27,side,0.1361
1583,premium,hyderabad,biryani,0,0.444765102,6,226.141594,4,drink,0.2791
2570,budget,delhi,fast_food,1,0.604331672,5,911.8141079,6,side,0.0656
244,premium,delhi,desserts,1,0.754023335,9,302.9071736,5,dessert,0.2169
1270,mid,bengaluru,fast_food,1,0.356584097,7,203.8990164,30,drink,0.2154
3753,budget,hyderabad,italian,1,0.523261704,7,312.1669301,35,bread,0.07
2018,budget,chennai,fast_food,0,0.394640709,3,1076.37515,8,dip,0.074
39,budget,delhi,north_indian,1,0.642083898,6,301.0899178,9,bread,0.0942
1730,mid,chennai,desserts,1,0.098366043,5,412.3411565,27,bread,0.208
2524,budget,hyderabad,fast_food,0,0.333562439,4,1297.422865,26,bread,0.1268
2450,budget,hyderabad,chinese,1,0.751240593,5,678.5370959,7,bread,0.05
3902,budget,delhi,chinese,0,0.657572249,10,1305.945481,9,bread,0.0603
891,mid,bengaluru,arabian,1,0.552502824,10,580.0115916,25,bread,0.2319
3806,budget,hyderabad,italian,0,0.151281491,7,242.1521466,5,bread,0.05
2148,budget,bengaluru,italian,0,0.461992994,9,587.1808813,28,dip,0.0695
2247,budget,hyderabad,italian,0,0.490278786,12,742.9611338,9,dip,0.05
3493,mid,hyderabad,continental,0,0.277043834,3,546.7436818,3,dip,0.1085
3943,budget,chennai,south_indian,0,0.56698454,7,246.9315666,3,dip,0.0503
3890,mid,mumbai,biryani,0,0.768368297,9,800.9480413,6,side,0.0791
2466,mid,mumbai,desserts,0,0.534682144,5,808.878376,40,bread,0.1611
2545,budget,pune,biryani,0,0.29914314,8,1082.867492,3,bread,0.0687
3721,premium,bengaluru,desserts,0,0.468624712,11,471.6079185,1,starter,0.2905
1825,mid,hyderabad,north_indian,1,0.47478046,4,568.3142479,5,bread,0.2116
1777,mid,mumbai,chinese,1,0.318055772,6,793.8390244,2,drink,0.2417
1081,mid,mumbai,continental,0,0.20633302,8,571.5038258,24,drink,0.2018
530,budget,pune,north_indian,1,0.902155265,7,393.7693333,3,dip,0.05
1801,mid,delhi,north_indian,0,0.606253529,10,268.0834066,4,drink,0.1169
918,budget,mumbai,north_indian,0,0.715015938,3,1297.894295,1,dip,0.05
1483,budget,bengaluru,fast_food,0,0.455233715,7,516.6710465,4,bread,0.1314
2352,budget,delhi,arabian,0,0.507919348,4,688.0744792,3,dip,0.0544
3838,premium,mumbai,continental,0,0.33998455,7,691.4043394,26,starter,0.2843
2130,mid,bengaluru,italian,0,0.191472576,7,513.2077131,6,dip,0.1738
1799,budget,hyderabad,italian,0,0.39370264,8,612.7911652,10,dip,0.05
1096,mid,bengaluru,italian,1,0.541782342,1,268.8832528,5,bread,0.1905
867,budget,hyderabad,arabian,0,0.288998864,10,525.8447265,22,side,0.0604
1674,premium,bengaluru,chinese,0,0.457441029,6,379.4090846,29,starter,0.246
3497,mid,delhi,fast_food,0,0.553975274,5,580.5623857,41,bread,0.1777
2005,budget,delhi,desserts,0,0.577671704,3,1222.493511,32,bread,0.074
285,mid,pune,italian,0,0.687971844,7,326.6215124,5,dip,0.094
2694,budget,hyderabad,fast_food,0,0.729013415,6,529.017269,31,side,0.0829
1512,mid,bengaluru,arabian,0,0.579393751,5,569.0683083,5,bread,0.2108
2245,budget,delhi,continental,0,0.486887966,5,1080.144276,5,bread,0.05
975,premium,bengaluru,fast_food,1,0.739546093,11,228.8523386,2,drink,0.2204
2285,budget,delhi,continental,0,0.424382006,11,1104.80566,8,side,0.1176
1001,premium,delhi,north_indian,0,0.617850222,3,512.452906,5,dessert,0.206
1367,mid,pune,italian,0,0.815706767,6,338.9731262,5,bread,0.1913
1549,mid,hyderabad,south_indian,0,0.539967006,4,308.0310695,7,side,0.1243
2609,budget,mumbai,south_indian,0,0.486612716,10,320.4913379,5,bread,0.0631
225,premium,hyderabad,continental,0,0.441304392,13,650.3392422,24,dessert,0.3427
2325,budget,kolkata,arabian,0,0.455205182,9,759.5101208,35,side,0.0527
3789,budget,hyderabad,biryani,1,0.797650842,10,228.3681035,4,side,0.05
3650,budget,hyderabad,chinese,0,0.426333439,7,730.82323,3,bread,0.0907
3229,budget,kolkata,arabian,0,0.47856093,3,464.3259545,5,dip,0.1092
1214,budget,chennai,continental,0,0.560006135,3,249.5525896,6,dip,0.0557
3554,mid,bengaluru,italian,1,0.550632006,11,576.3807451,5,side,0.1614
1073,budget,hyderabad,biryani,1,0.512980458,4,514.5983245,29,dip,0.0992
1303,budget,hyderabad,south_indian,0,0.431579543,6,566.2900668,4,side,0.05
1282,mid,chennai,north_indian,0,0.505849608,7,290.6964951,6,side,0.2071
1290,mid,bengaluru,arabian,0,0.469919313,5,548.3541915,8,drink,0.1908
437,mid,delhi,north_indian,1,0.05,2,507.6213999,4,side,0.1825
1986,budget,bengaluru,north_indian,0,0.440493344,7,695.7249519,4,bread,0.1218
1882,budget,hyderabad,italian,0,0.829582714,8,660.0729258,5,dip,0.05
3747,mid,bengaluru,south_indian,1,0.512575402,4,114.7206659,29,bread,0.128
801,budget,delhi,south_indian,0,0.271952445,5,235.5020066,5,dip,0.0869
886,budget,hyderabad,south_indian,0,0.374712309,3,1171.966749,7,bread,0.0788
52,mid,bengaluru,fast_food,0,0.532721925,3,656.009735,26,side,0.1381
1576,budget,bengaluru,arabian,0,0.897702957,10,1158.818253,25,dip,0.05
3953,budget,hyderabad,fast_food,0,0.743736442,9,872.0956991,7,dip,0.05
504,mid,hyderabad,arabian,0,0.81585873,8,704.8470401,3,drink,0.1859
1888,mid,chennai,biryani,0,0.448143843,5,770.8764039,40,side,0.0982
392,mid,hyderabad,north_indian,0,0.624974893,2,1023.984473,2,bread,0.1347
741,mid,pune,biryani,1,0.605688505,9,593.7835868,7,bread,0.1352
2016,mid,mumbai,chinese,1,0.28275137,6,540.2274981,4,dip,0.2534
550,budget,kolkata,chinese,0,0.333427401,3,756.9274578,2,dip,0.05
2866,mid,bengaluru,arabian,1,0.149515355,6,971.8699289,6,drink,0.1594
3224,budget,pune,continental,0,0.540650705,11,779.0157604,3,dip,0.0731
2473,budget,hyderabad,fast_food,1,0.71072982,9,486.9747595,5,bread,0.05
2649,mid,chennai,fast_food,0,0.649036138,1,466.0154447,27,dip,0.1192
950,budget,mumbai,south_indian,1,0.701225376,9,281.6447806,3,bread,0.0595
3734,budget,bengaluru,fast_food,0,0.350886136,8,300.3031712,4,bread,0.05
3127,budget,kolkata,chinese,1,0.692419129,5,612.0302323,10,dip,0.0768
82,mid,mumbai,south_indian,1,0.344406038,11,290.6600897,29,drink,0.2362
1445,budget,bengaluru,arabian,1,0.109536158,1,693.8683624,10,bread,0.2005
3276,mid,hyderabad,north_indian,1,0.243370845,9,709.7842316,4,side,0.2303
3492,mid,hyderabad,fast_food,1,0.598101766,12,324.5360243,32,dip,0.2296
788,budget,pune,chinese,1,0.631663036,6,365.8593217,32,bread,0.0967
2982,premium,hyderabad,biryani,0,0.725950603,9,763.7981973,2,drink,0.2004
3685,budget,chennai,fast_food,0,0.5593123,9,644.4624227,6,side,0.1116
1875,budget,bengaluru,desserts,0,0.609202335,6,992.7073388,29,dip,0.1603
3992,budget,chennai,south_indian,1,0.582130661,7,662.384082,3,bread,0.1406
3258,mid,hyderabad,desserts,1,0.418824555,3,385.1583092,3,bread,0.1453
2872,mid,delhi,south_indian,0,0.684886709,9,1460.349446,6,drink,0.2117
3939,budget,bengaluru,desserts,0,0.057129678,9,838.510638,5,side,0.14
2109,mid,mumbai,italian,0,0.630161504,4,332.2314491,5,drink,0.0921
1970,budget,bengaluru,north_indian,1,0.692798484,4,488.8895509,3,dip,0.0814
219,premium,chennai,italian,0,0.34189728,13,310.7093213,3,starter,0.367
1697,mid,delhi,fast_food,0,0.340156664,3,475.4444584,19,side,0.2055
795,mid,delhi,desserts,0,0.399359434,5,310.1355542,1,side,0.209
1333,budget,mumbai,fast_food,1,0.505184007,12,297.8724213,23,side,0.05
630,premium,kolkata,italian,1,0.421273412,1,654.0621524,29,starter,0.2456
3181,mid,delhi,biryani,0,0.478838246,8,314.5106282,7,drink,0.2121
3425,budget,hyderabad,continental,0,0.230403758,6,683.8364488,7,side,0.1226
3682,premium,mumbai,north_indian,0,0.076071997,4,491.9537761,6,starter,0.381
2775,premium,hyderabad,biryani,1,0.535529527,5,180.027023,2,starter,0.3394
2384,premium,mumbai,chinese,1,0.842500234,7,295.7755457,3,starter,0.2174
22,budget,bengaluru,desserts,0,0.145960349,7,691.1663342,29,dip,0.1027
2236,budget,delhi,fast_food,1,0.470315522,2,797.1516159,4,dip,0.0582
374,budget,bengaluru,chinese,0,0.433069367,9,333.8604356,9,bread,0.05
2454,budget,hyderabad,italian,1,0.51799399,7,135.0025421,3,side,0.0593
155,mid,delhi,desserts,0,0.389397333,6,472.8655207,7,dip,0.2157
2912,mid,hyderabad,fast_food,0,0.53665446,4,957.5497331,3,bread,0.2308
2093,budget,bengaluru,arabian,1,0.583713356,7,330.1891294,3,side,0.05
2620,budget,bengaluru,chinese,1,0.759870164,4,820.469859,20,bread,0.05
3086,budget,hyderabad,south_indian,1,0.535845522,6,933.8729562,5,side,0.0596
2128,mid,hyderabad,continental,0,0.834485742,4,605.5260323,4,dip,0.0866
2600,premium,hyderabad,chinese,1,0.404123542,5,160.9325604,6,dessert,0.249
2140,budget,chennai,south_indian,1,0.205965629,10,1395.099984,20,dip,0.0972
650,mid,mumbai,desserts,0,0.658494698,5,1505.185463,6,dip,0.1034
3915,mid,bengaluru,desserts,1,0.95,10,279.7882733,5,bread,0.0582
1870,mid,chennai,biryani,1,0.668643373,8,810.4766764,6,dip,0.2215
592,premium,mumbai,continental,1,0.430796187,6,310.1396566,8,starter,0.3489
2441,budget,chennai,fast_food,0,0.44022523,7,355.115823,8,dip,0.05
1963,mid,delhi,north_indian,0,0.800612236,10,600.5515859,4,side,0.1606
2791,mid,bengaluru,arabian,0,0.512787102,9,1119.904506,9,dip,0.212
3811,mid,chennai,arabian,0,0.755240682,4,738.5442305,2,side,0.1123
160,premium,mumbai,biryani,0,0.05,5,411.0902774,7,dessert,0.2572
2139,mid,hyderabad,biryani,0,0.354543365,9,391.7998532,31,dip,0.1484
758,premium,bengaluru,italian,0,0.222877844,4,487.2724808,7,dessert,0.3231
3381,mid,hyderabad,chinese,0,0.564700023,5,964.2875388,25,drink,0.1646
184,premium,mumbai,north_indian,0,0.648932247,5,286.7643111,31,dessert,0.1697
2956,mid,delhi,biryani,1,0.689209442,6,680.1643871,5,dip,0.1363
428,mid,bengaluru,italian,0,0.217997392,8,777.4838538,2,side,0.1819
3688,budget,delhi,chinese,1,0.419191932,7,640.4370494,2,side,0.05
3360,budget,pune,south_indian,0,0.47270333,9,480.4435381,4,dip,0.05
661,budget,delhi,arabian,1,0.415923018,12,347.9851338,30,side,0.1205
811,budget,pune,desserts,0,0.47066496,9,194.606068,11,bread,0.0687
393,mid,bengaluru,biryani,1,0.512711325,4,434.5865293,3,side,0.1815
1219,budget,delhi,north_indian,0,0.593692561,5,473.7026808,4,side,0.05
3637,mid,mumbai,fast_food,1,0.76320302,6,547.8272027,6,drink,0.1273
2895,mid,hyderabad,south_indian,0,0.536501607,10,664.4908391,5,drink,0.138
2992,mid,bengaluru,chinese,0,0.888722243,4,1100.692992,4,dip,0.0968
1188,budget,delhi,continental,0,0.430423134,7,323.7957975,2,bread,0.05
1170,mid,delhi,desserts,0,0.733426747,6,577.1146522,8,side,0.1033
3162,premium,mumbai,arabian,1,0.593926053,6,626.1039987,6,drink,0.2919
1537,budget,mumbai,chinese,0,0.380610152,5,1098.669917,6,side,0.0925
2428,budget,chennai,italian,0,0.477123024,6,630.2158903,5,bread,0.05
947,mid,bengaluru,fast_food,0,0.612137398,2,732.8485708,28,side,0.1666
2094,mid,bengaluru,continental,0,0.108365609,10,397.937633,19,dip,0.1542
77,budget,bengaluru,chinese,0,0.371932527,2,710.6225375,5,side,0.0846
3765,budget,pune,biryani,0,0.842418748,7,501.7534538,23,dip,0.057
2672,budget,hyderabad,north_indian,1,0.39224118,7,678.8016726,5,dip,0.1632
3786,mid,chennai,italian,1,0.448739139,6,385.9191518,33,bread,0.1494
1005,mid,mumbai,south_indian,0,0.479489174,4,631.8017038,2,side,0.0948
448,budget,bengaluru,arabian,1,0.2711751,7,611.399111,5,side,0.1554
311,budget,bengaluru,chinese,0,0.874863375,5,731.0947233,4,dip,0.05
1110,mid,bengaluru,fast_food,1,0.448432634,5,1005.067094,7,drink,0.1433
957,mid,hyderabad,arabian,0,0.302814209,9,533.9732251,4,dip,0.1499
932,mid,hyderabad,continental,1,0.365274418,6,509.4378068,5,bread,0.1112
655,premium,bengaluru,arabian,1,0.607844864,4,533.9979724,4,drink,0.2568
2947,budget,bengaluru,south_indian,0,0.311644593,5,472.2154326,31,dip,0.1442
312,premium,hyderabad,continental,0,0.564723595,4,258.4311716,6,dessert,0.2248
998,budget,delhi,desserts,0,0.60322227,5,287.2331935,32,side,0.05
366,mid,delhi,north_indian,1,0.394132302,7,578.9905082,27,dip,0.2254
538,budget,bengaluru,south_indian,0,0.170236589,7,344.8505044,7,bread,0.1295
3103,budget,bengaluru,chinese,1,0.822195364,4,531.4724652,33,dip,0.05
3622,mid,mumbai,chinese,1,0.74808885,6,592.2578351,6,drink,0.1395
404,premium,mumbai,north_indian,0,0.626779933,6,285.7148196,24,dessert,0.2973
752,mid,pune,chinese,0,0.377021262,2,438.5024926,4,dip,0.1594
2900,budget,hyderabad,north_indian,0,0.424411969,5,863.3883154,5,dip,0.1232
3414,mid,bengaluru,arabian,1,0.347583071,7,244.2663193,7,bread,0.1855
2868,premium,chennai,chinese,0,0.290640738,11,372.355081,29,starter,0.3231
1446,mid,mumbai,continental,0,0.30384189,6,577.2688635,28,dip,0.265
1296,mid,pune,italian,0,0.327074007,6,300.5168888,3,side,0.1377
3792,budget,delhi,biryani,1,0.672328926,4,783.2845255,2,side,0.0878
1114,premium,bengaluru,north_indian,0,0.286924636,2,866.5507603,30,dessert,0.3145
158,premium,hyderabad,desserts,0,0.851040401,6,434.0051896,8,starter,0.2433
3879,mid,bengaluru,chinese,0,0.329223917,7,332.9235073,6,side,0.201
3703,mid,hyderabad,italian,1,0.686846156,4,704.5198995,7,dip,0.1483
1380,mid,mumbai,continental,1,0.315745851,2,384.2471374,1,bread,0.1543
140,budget,mumbai,arabian,0,0.292624769,3,954.5280966,8,side,0.05
685,premium,hyderabad,biryani,0,0.704102981,7,190.4282309,10,drink,0.2527
1543,budget,hyderabad,italian,1,0.390500496,12,750.2600396,3,side,0.173
367,premium,bengaluru,italian,0,0.552438483,5,432.907696,0,starter,0.2992
1287,mid,chennai,south_indian,1,0.728953669,11,828.3393034,8,bread,0.1033
1477,mid,delhi,north_indian,1,0.62616554,7,645.9452572,32,dip,0.1183
2064,budget,delhi,chinese,1,0.508453941,5,1034.467706,6,dip,0.1327
1805,premium,mumbai,arabian,0,0.605437424,3,919.2415816,4,starter,0.2101
3872,mid,delhi,italian,1,0.545315138,10,253.9036582,2,dip,0.1909
2696,budget,chennai,biryani,1,0.499344054,5,328.7206384,32,dip,0.1103
1841,budget,hyderabad,south_indian,0,0.151957224,6,748.0282155,2,bread,0.0914
1711,mid,chennai,desserts,1,0.456389615,9,683.8250275,5,side,0.1115
781,budget,bengaluru,desserts,1,0.798838375,7,1026.703346,25,bread,0.05
2216,budget,pune,biryani,0,0.937542743,6,313.328496,4,bread,0.05
2703,premium,delhi,arabian,0,0.523351323,2,576.1112762,32,starter,0.2182
384,budget,chennai,biryani,0,0.883837732,9,631.2989913,4,dip,0.082
3096,budget,chennai,italian,0,0.568888211,7,431.1655626,5,bread,0.0704
1571,mid,pune,continental,0,0.692023479,5,600.0783939,2,drink,0.1276
2942,mid,delhi,north_indian,0,0.654150642,4,725.0746196,27,dip,0.2186
3140,premium,delhi,desserts,0,0.765963341,12,801.3412651,2,drink,0.1635
1182,budget,delhi,chinese,0,0.277388162,6,663.8888721,9,dip,0.127
447,budget,mumbai,desserts,0,0.541502325,2,696.4403452,4,bread,0.0818
1118,premium,pune,north_indian,0,0.05,5,329.4981027,6,dessert,0.3205
1057,mid,delhi,south_indian,0,0.581240425,11,591.1395681,4,drink,0.1306
2902,budget,hyderabad,south_indian,0,0.350764118,4,474.9916369,6,bread,0.1457
3078,premium,bengaluru,desserts,0,0.332444676,4,839.0010934,3,starter,0.2609
2742,premium,pune,fast_food,0,0.410500058,3,384.5767109,4,drink,0.2668
1542,budget,chennai,north_indian,0,0.547065694,8,285.4344325,6,dip,0.1032
513,mid,bengaluru,south_indian,0,0.625548089,4,683.7232912,4,dip,0.1613
2310,mid,pune,italian,1,0.873809172,4,1243.155276,34,dip,0.1247
907,budget,bengaluru,fast_food,0,0.297520705,10,556.9505603,6,bread,0.1121
2066,budget,pune,arabian,0,0.233794074,9,836.1073341,8,bread,0.0911
2724,mid,pune,chinese,1,0.546031618,5,1249.050685,6,drink,0.1843
277,mid,pune,arabian,0,0.95,4,439.231417,4,side,0.0854
3676,premium,pune,chinese,0,0.563085267,8,679.4627,3,dessert,0.2807
458,budget,bengaluru,north_indian,1,0.561890429,5,790.6459992,32,side,0.05
1217,mid,delhi,fast_food,0,0.350814706,2,785.6212912,2,bread,0.1699
2420,budget,hyderabad,arabian,0,0.404759358,10,1080.214888,2,side,0.0989
2852,mid,delhi,italian,1,0.790646224,7,306.3725265,35,dip,0.1653
985,mid,delhi,south_indian,0,0.05,5,762.8483688,30,dip,0.205
996,mid,pune,arabian,0,0.347633652,6,399.0247782,5,bread,0.2058
1490,premium,kolkata,continental,0,0.274158824,4,275.619229,6,drink,0.2755
2288,budget,delhi,fast_food,1,0.701542566,3,583.9246173,3,side,0.05
1735,budget,mumbai,continental,1,0.808979817,4,490.34777,4,bread,0.0883
80,premium,pune,desserts,0,0.756172921,7,392.3466667,5,starter,0.2377
2044,premium,delhi,continental,1,0.836116365,7,326.418878,31,drink,0.2169
1903,premium,hyderabad,chinese,1,0.468169752,6,191.7388007,6,dessert,0.2064
283,mid,delhi,chinese,0,0.197671294,7,608.3980121,7,side,0.1591
2335,mid,hyderabad,fast_food,1,0.308453179,11,927.1877892,9,side,0.2271
2144,budget,mumbai,continental,1,0.085882213,3,695.7204477,3,bread,0.05
1328,mid,hyderabad,south_indian,0,0.637285347,1,409.3044584,9,dip,0.1449
317,mid,pune,chinese,1,0.218402301,5,439.9502202,4,dip,0.1374
2943,budget,bengaluru,biryani,0,0.611312408,9,735.4291268,10,dip,0.068
3716,mid,delhi,arabian,0,0.668210978,4,345.7921677,4,bread,0.1538
29,budget,chennai,arabian,1,0.806534225,6,792.993987,5,side,0.0513
2897,mid,mumbai,south_indian,0,0.161723367,5,735.578866,8,bread,0.2187
2097,budget,bengaluru,italian,0,0.58457119,6,1343.435813,8,side,0.05
2975,budget,hyderabad,arabian,0,0.370635267,4,513.5294173,23,side,0.074
3951,budget,delhi,italian,0,0.316727345,5,401.826682,31,bread,0.05
2019,premium,hyderabad,biryani,1,0.485229301,5,272.8853602,7,drink,0.2278
2453,mid,delhi,desserts,0,0.277544367,9,314.7310565,30,side,0.2102
1552,budget,bengaluru,fast_food,0,0.284833465,6,276.1669682,5,side,0.0768
2155,budget,mumbai,desserts,0,0.32310864,5,649.9155727,31,dip,0.1648
2863,budget,bengaluru,north_indian,0,0.735376993,4,336.6310812,3,dip,0.05
1044,mid,delhi,biryani,0,0.624425692,2,828.6297885,7,bread,0.1693
2581,budget,delhi,arabian,0,0.280732976,3,678.0314826,25,dip,0.0911
1937,budget,chennai,north_indian,0,0.677943041,11,397.1728124,4,dip,0.0597
2270,mid,bengaluru,biryani,1,0.346946921,3,403.9970429,3,bread,0.199
3616,mid,chennai,arabian,1,0.556584578,8,511.071602,6,dip,0.1847
1067,mid,hyderabad,fast_food,1,0.860979232,4,374.830589,4,drink,0.1496
1156,mid,bengaluru,biryani,1,0.682338188,2,915.9556679,2,drink,0.3015
2625,budget,hyderabad,arabian,0,0.231622551,7,874.1292997,9,bread,0.133
1556,mid,bengaluru,fast_food,1,0.662635653,4,281.7417283,26,bread,0.1163
2464,premium,bengaluru,fast_food,0,0.755013837,2,141.7756343,4,drink,0.3105
3400,mid,delhi,chinese,0,0.438388881,10,1286.241564,2,dip,0.1909
57,budget,bengaluru,continental,0,0.627568234,8,293.2429296,7,dip,0.0604
3349,budget,pune,arabian,1,0.928838345,8,308.1487929,4,bread,0.05
1850,budget,bengaluru,chinese,0,0.512778089,10,879.0187379,9,side,0.1108
3027,mid,hyderabad,arabian,1,0.568149163,7,1003.226733,27,drink,0.1008
2512,mid,delhi,fast_food,1,0.50380894,6,783.6636965,0,dip,0.1495
1119,budget,hyderabad,north_indian,0,0.529801397,9,260.747703,29,bread,0.05
742,mid,hyderabad,arabian,0,0.203082382,4,189.845585,40,bread,0.232
3174,mid,bengaluru,north_indian,1,0.819482935,11,644.015131,5,drink,0.1366
1013,budget,mumbai,continental,1,0.55408547,10,324.9704325,27,bread,0.1127
2818,budget,chennai,chinese,0,0.521414418,5,457.6903898,9,bread,0.0878
1927,mid,pune,south_indian,0,0.341971044,6,318.1984407,4,bread,0.1697
1280,budget,bengaluru,chinese,1,0.207891307,7,375.0841404,3,side,0.05
2307,mid,chennai,biryani,1,0.144438668,1,283.0455703,6,side,0.2613
645,budget,pune,north_indian,0,0.223253641,4,553.2278674,26,side,0.0629
2328,mid,mumbai,arabian,1,0.452126393,4,529.23949,11,dip,0.1345
1371,mid,pune,desserts,0,0.368378224,8,477.8815639,33,side,0.2295
1089,mid,hyderabad,arabian,1,0.33221105,2,400.2188904,6,side,0.17
332,mid,mumbai,desserts,1,0.450065119,5,1180.49991,3,bread,0.2004
1625,mid,delhi,south_indian,0,0.355455599,7,432.6224053,5,drink,0.2504
1122,budget,kolkata,desserts,1,0.392337673,5,1042.798112,30,bread,0.0719
1117,premium,delhi,south_indian,0,0.362129175,8,365.4530157,30,starter,0.3641
168,mid,mumbai,italian,1,0.19522387,7,297.5232828,6,side,0.1691
2051,mid,chennai,fast_food,0,0.443327739,12,526.4688191,10,side,0.2376
708,budget,mumbai,south_indian,0,0.375199861,9,916.389991,2,dip,0.1808
2593,mid,bengaluru,chinese,1,0.332243255,9,542.4534734,10,dip,0.2328
3250,mid,mumbai,italian,1,0.362511101,3,343.3476782,22,dip,0.146
10,budget,hyderabad,north_indian,0,0.375405069,1,454.9523908,6,bread,0.05
2646,mid,kolkata,fast_food,0,0.70756676,5,385.4710434,6,side,0.0961
2367,mid,mumbai,chinese,1,0.429647744,7,267.3074718,6,dip,0.142
974,budget,bengaluru,biryani,0,0.652446546,4,1047.792549,5,bread,0.05
2576,budget,chennai,arabian,0,0.503124736,8,450.9746737,4,side,0.1245
139,budget,bengaluru,north_indian,0,0.620460997,5,1280.181851,5,dip,0.1019
480,mid,mumbai,south_indian,0,0.434102177,6,424.7555045,4,drink,0.1301
1945,mid,pune,continental,1,0.3727875,7,574.88365,34,drink,0.1427
41,premium,pune,continental,0,0.378335164,11,1408.925058,27,drink,0.3016
2416,mid,delhi,chinese,0,0.875124337,3,510.6918641,7,drink,0.1052
1634,budget,delhi,north_indian,1,0.764943405,5,501.6238865,34,bread,0.0729
895,budget,bengaluru,desserts,0,0.324826728,3,1534.252606,35,dip,0.05
1189,budget,mumbai,continental,0,0.538371483,8,801.016374,7,side,0.098
2448,mid,delhi,chinese,1,0.660180324,9,293.1213901,7,bread,0.135
2738,mid,mumbai,fast_food,1,0.433841411,6,681.5133548,8,dip,0.2027
3727,mid,delhi,italian,0,0.340393623,7,435.4243865,15,dip,0.1502
2781,budget,mumbai,north_indian,0,0.634843066,9,634.073826,2,bread,0.05
1877,mid,delhi,fast_food,0,0.45258977,8,352.294858,4,bread,0.1718
3795,mid,chennai,north_indian,1,0.456603072,6,655.8515596,5,drink,0.1555
2830,mid,chennai,biryani,1,0.684233463,8,273.6635206,6,dip,0.1523
2988,budget,delhi,chinese,1,0.498630983,7,260.5916836,3,side,0.1205
3523,mid,delhi,continental,1,0.705534925,4,254.8308028,3,dip,0.1296
3956,budget,hyderabad,chinese,1,0.291174376,8,573.705619,33,bread,0.05
1171,budget,chennai,arabian,0,0.215321521,6,1035.290459,10,dip,0.0971
3435,budget,chennai,italian,1,0.458091752,6,358.8892743,7,side,0.1156
1223,budget,bengaluru,chinese,0,0.724112489,12,322.4819861,4,side,0.0731
2922,budget,hyderabad,north_indian,0,0.801809917,4,659.6207575,2,dip,0.05
2449,mid,bengaluru,desserts,0,0.449085477,5,419.2027502,5,drink,0.2716
668,mid,bengaluru,arabian,0,0.331910867,6,214.5721689,4,dip,0.1978
536,mid,pune,fast_food,0,0.462030638,7,196.811993,6,dip,0.1658
1757,budget,pune,continental,1,0.296477352,3,665.5844038,39,bread,0.1172
2592,mid,mumbai,italian,0,0.816828184,6,461.1709077,4,side,0.1368
1690,budget,hyderabad,chinese,0,0.493196155,6,403.6032687,32,bread,0.05
3724,budget,delhi,fast_food,0,0.602289358,7,398.6664813,30,side,0.1037
395,mid,bengaluru,desserts,0,0.525199746,11,190.1988911,4,bread,0.1766
3673,mid,bengaluru,italian,1,0.120994154,5,329.4806052,6,bread,0.298
2763,budget,pune,north_indian,1,0.657029443,7,981.339992,2,bread,0.05
3620,premium,chennai,chinese,0,0.716916157,6,1302.13409,2,drink,0.2091
2292,premium,mumbai,chinese,0,0.22217032,6,446.8281305,8,starter,0.2945
693,budget,hyderabad,continental,1,0.410185798,5,622.3414888,5,dip,0.1156
2596,mid,chennai,desserts,0,0.666649497,9,1151.51489,3,bread,0.1666
3505,budget,bengaluru,desserts,0,0.401932268,7,593.1891464,0,bread,0.1514
2072,mid,bengaluru,chinese,1,0.688171994,1,361.4670302,6,bread,0.1733
3919,budget,mumbai,fast_food,1,0.746556632,10,364.617225,2,side,0.05
345,budget,chennai,desserts,1,0.052864521,6,1246.707407,28,dip,0.2076
2572,budget,mumbai,south_indian,0,0.068360056,11,203.1341924,23,dip,0.1069
3058,budget,bengaluru,italian,1,0.696320697,6,539.7866636,5,bread,0.0694
321,budget,mumbai,south_indian,0,0.365556077,5,653.4736029,6,bread,0.0656
289,mid,delhi,desserts,1,0.512505121,4,316.807217,6,side,0.1212
3691,mid,delhi,biryani,0,0.193967532,11,731.4808329,4,side,0.1574
709,mid,bengaluru,north_indian,1,0.317229012,8,529.1461204,5,dip,0.2077
3467,mid,hyderabad,continental,0,0.380846654,4,490.3753877,6,bread,0.1686
1679,budget,pune,fast_food,1,0.288518303,4,1188.007637,8,bread,0.1267
3518,budget,hyderabad,arabian,1,0.5609983,5,521.9283772,6,bread,0.1236
753,budget,chennai,arabian,0,0.35549593,5,578.866631,2,bread,0.0936
866,premium,bengaluru,biryani,0,0.687069253,5,399.1357429,30,dessert,0.204
221,budget,hyderabad,fast_food,1,0.283374026,7,728.8693665,3,bread,0.1353
2679,mid,pune,italian,0,0.333945253,6,468.3162997,3,dip,0.2205
1183,budget,mumbai,arabian,1,0.543404295,8,907.0283942,3,bread,0.05
1516,premium,hyderabad,arabian,1,0.411876711,7,484.5054288,0,dessert,0.2432
3669,premium,hyderabad,arabian,1,0.559777809,6,639.2768818,4,starter,0.181
2492,budget,chennai,arabian,1,0.537592476,6,174.5401521,3,dip,0.1032
930,budget,pune,desserts,1,0.527675624,3,977.7730577,3,side,0.05
382,budget,bengaluru,north_indian,1,0.55080207,8,786.7062647,30,side,0.116
2260,budget,hyderabad,south_indian,0,0.05,5,457.6781572,3,bread,0.0668
3843,mid,bengaluru,chinese,0,0.551752101,1,424.6473245,5,dip,0.2338
958,budget,bengaluru,chinese,1,0.274694123,10,700.0534225,7,bread,0.0941
3741,budget,bengaluru,chinese,1,0.292281853,8,428.3309054,4,side,0.05
2041,budget,mumbai,north_indian,0,0.854587637,2,542.6444175,27,dip,0.0899
3815,mid,bengaluru,north_indian,0,0.452564611,4,230.2931238,4,dip,0.1524
2674,budget,chennai,arabian,0,0.701791358,9,530.3779267,7,bread,0.05
1828,premium,chennai,south_indian,0,0.442131876,6,645.0204575,41,drink,0.2956
396,budget,bengaluru,fast_food,1,0.308028716,4,421.4399435,24,bread,0.133
3800,mid,chennai,biryani,1,0.499320485,5,963.8086249,3,side,0.167
2214,budget,mumbai,italian,0,0.519751868,5,487.7440864,32,dip,0.0703
220,mid,mumbai,north_indian,0,0.824919291,7,486.1787723,8,drink,0.1072
2896,premium,hyderabad,desserts,1,0.588685131,4,699.0737551,23,drink,0.2712
1992,budget,kolkata,desserts,0,0.819522884,7,681.9807813,3,bread,0.05
3033,mid,delhi,italian,1,0.371428879,3,278.8902202,7,drink,0.2001
3365,budget,mumbai,continental,0,0.455199873,9,158.8730973,4,dip,0.0862
2588,budget,mumbai,biryani,0,0.640744977,2,325.2814492,3,dip,0.05
1779,mid,delhi,italian,0,0.743239951,5,796.7181762,2,drink,0.2087
477,budget,delhi,south_indian,0,0.401722887,9,309.5315875,6,side,0.1236
174,premium,hyderabad,desserts,0,0.149524721,4,203.6554894,4,dessert,0.3021
3508,budget,pune,fast_food,0,0.6452818,7,236.1895252,5,side,0.05
544,mid,bengaluru,italian,0,0.378729026,6,551.5024908,6,bread,0.1793
2008,budget,chennai,north_indian,0,0.407599946,9,265.2405278,8,dip,0.056
1365,budget,bengaluru,italian,1,0.612851231,6,434.7382095,7,side,0.05
2968,premium,pune,italian,0,0.422052101,4,268.2629468,5,drink,0.2916
3975,budget,mumbai,italian,0,0.506622935,1,1239.197615,3,side,0.1175
3322,budget,bengaluru,chinese,1,0.661421129,4,234.2490807,6,bread,0.05
2238,premium,pune,continental,1,0.581830187,5,846.9298998,4,starter,0.21
1580,mid,chennai,biryani,1,0.397090255,12,1500.191971,34,bread,0.1814
1616,mid,bengaluru,arabian,0,0.505254231,5,781.2584569,4,drink,0.1791
1732,mid,bengaluru,desserts,1,0.490595993,8,946.4462811,4,drink,0.1739
3394,budget,delhi,arabian,0,0.418215974,9,311.0013416,1,side,0.1253
1596,premium,hyderabad,fast_food,0,0.473749976,8,196.8270779,4,starter,0.2832
1661,mid,hyderabad,fast_food,1,0.41633481,4,1890.768729,5,bread,0.1599
869,budget,hyderabad,arabian,0,0.556851561,5,1678.135867,6,dip,0.05
3849,budget,bengaluru,chinese,1,0.663214705,6,313.16216,2,side,0.05
1301,premium,hyderabad,arabian,0,0.307435,12,735.9922637,8,starter,0.2481
451,mid,chennai,biryani,1,0.248124547,6,724.8411424,25,dip,0.2503
2203,premium,hyderabad,north_indian,0,0.493231714,6,326.0700407,7,starter,0.2034
510,mid,bengaluru,arabian,0,0.253853408,7,648.8713112,2,dip,0.203
2999,budget,bengaluru,biryani,0,0.56259665,3,558.2465455,3,side,0.0678
2433,mid,hyderabad,continental,1,0.587379021,10,1047.816058,4,dip,0.05
3824,mid,kolkata,chinese,1,0.166277683,5,298.7814239,5,bread,0.1296
2712,mid,bengaluru,fast_food,1,0.413590643,6,774.7108061,3,drink,0.2692
3444,premium,chennai,arabian,0,0.733789659,6,527.5545158,27,starter,0.2082
802,premium,hyderabad,italian,0,0.244588671,6,481.9600437,24,dessert,0.2466
2470,budget,bengaluru,desserts,0,0.440406261,5,753.9064135,7,side,0.0913
151,budget,delhi,north_indian,1,0.622074564,9,471.3791479,27,side,0.05
33,mid,hyderabad,desserts,0,0.574456702,3,184.2104332,4,dip,0.1205
1676,budget,hyderabad,biryani,0,0.379681113,7,831.4961034,1,bread,0.1105
2761,premium,hyderabad,north_indian,1,0.780778747,9,390.1689487,34,drink,0.2022
2225,premium,delhi,arabian,0,0.145326192,6,897.6003684,4,drink,0.281
842,premium,delhi,biryani,0,0.539853226,4,830.0278864,9,dessert,0.2832
1671,mid,chennai,chinese,0,0.547307138,4,207.6195785,11,dip,0.1149
3749,budget,pune,fast_food,0,0.231787825,5,599.791624,8,side,0.0563
383,mid,bengaluru,chinese,1,0.699409836,9,649.9702255,4,dip,0.1685
3419,mid,hyderabad,south_indian,1,0.277227428,10,250.5724053,26,bread,0.2445
1111,budget,bengaluru,south_indian,0,0.894504688,1,239.0078576,6,side,0.05
1523,budget,pune,biryani,1,0.561615712,11,352.6922138,24,bread,0.05
2411,budget,hyderabad,north_indian,1,0.64985845,5,814.0382861,28,side,0.1034
63,budget,hyderabad,north_indian,0,0.465348933,10,613.0809882,36,bread,0.0509
914,budget,pune,fast_food,0,0.449966791,6,550.835348,30,dip,0.05
2594,mid,pune,desserts,0,0.414825321,9,411.2824785,3,side,0.1615
774,mid,bengaluru,desserts,1,0.343021495,5,572.143052,4,dip,0.1793
107,mid,pune,italian,0,0.67700754,7,462.8127866,3,side,0.1317
3578,mid,mumbai,continental,0,0.836464261,8,364.8647473,2,drink,0.1816
683,mid,mumbai,north_indian,0,0.378114388,3,525.7356749,5,drink,0.1662
906,premium,chennai,north_indian,0,0.353186119,6,382.9563011,10,drink,0.2082
2782,budget,mumbai,desserts,0,0.51717389,4,281.6613582,2,dip,0.1215
3193,mid,mumbai,south_indian,1,0.657302291,12,685.9648023,6,dip,0.1629
1204,budget,delhi,biryani,0,0.690132509,2,677.320212,4,dip,0.05
547,budget,pune,arabian,0,0.465320572,3,648.3577655,7,dip,0.1132
3183,premium,delhi,italian,0,0.739276486,9,1390.855532,6,starter,0.1945
2407,premium,bengaluru,biryani,1,0.625986467,5,316.4365586,4,starter,0.2189
1753,budget,mumbai,south_indian,0,0.604474743,7,861.1858536,33,side,0.0751
1980,budget,mumbai,desserts,1,0.901727572,5,852.5509388,22,bread,0.05
3611,budget,mumbai,desserts,1,0.690815922,3,932.6971775,3,side,0.05
3925,mid,delhi,italian,0,0.745261141,5,558.2195815,5,bread,0.1198
3991,mid,mumbai,fast_food,0,0.902883222,4,598.0264561,3,dip,0.1013
841,mid,mumbai,italian,1,0.536726827,5,376.3678607,27,side,0.2514
3573,mid,hyderabad,desserts,0,0.434678297,4,846.8181057,7,dip,0.1572
3190,mid,mumbai,italian,1,0.619655629,10,815.1050536,5,side,0.1637
1211,budget,hyderabad,chinese,1,0.673002396,8,859.0973617,29,dip,0.05
2337,mid,delhi,desserts,1,0.452008122,4,467.8670521,2,bread,0.1267
2865,mid,bengaluru,north_indian,0,0.315499918,5,373.0227213,7,bread,0.1353
2217,premium,mumbai,continental,0,0.446886178,6,844.5975612,27,dessert,0.2978
1475,mid,hyderabad,desserts,0,0.41722172,9,180.1588046,1,drink,0.2342
1988,mid,delhi,fast_food,1,0.363042294,4,347.6667848,30,bread,0.0883
3342,budget,delhi,south_indian,0,0.449854133,7,784.8834173,7,side,0.1128
3154,mid,chennai,desserts,0,0.701331663,5,571.7483015,3,bread,0.1343
3367,budget,mumbai,arabian,1,0.812424776,3,459.3546198,3,bread,0.05
3380,mid,mumbai,arabian,1,0.481778226,6,661.8061217,4,bread,0.1862
3540,mid,bengaluru,italian,0,0.839137469,5,630.0236173,31,bread,0.0845
1602,budget,bengaluru,arabian,0,0.622556992,3,444.8771818,6,dip,0.0591
1344,premium,hyderabad,north_indian,0,0.553864778,8,447.9066778,32,dessert,0.2921
431,budget,mumbai,fast_food,0,0.258050492,4,1421.087834,38,dip,0.0949
1261,premium,hyderabad,north_indian,0,0.415127201,4,310.7772355,5,drink,0.2585
3810,budget,mumbai,continental,0,0.767639348,9,415.1109234,7,dip,0.1055
881,budget,hyderabad,biryani,0,0.517440713,4,854.5295494,5,dip,0.05
1369,budget,chennai,arabian,0,0.165169405,4,368.0547452,3,side,0.1254
1774,mid,pune,desserts,0,0.711916541,5,1475.758761,3,bread,0.1501
3486,mid,hyderabad,continental,0,0.684373782,4,954.8108372,2,dip,0.1263
195,mid,mumbai,arabian,0,0.171139893,3,442.2390653,3,bread,0.1578
1599,budget,mumbai,chinese,0,0.674265816,6,794.7328329,5,dip,0.0623
2523,budget,bengaluru,fast_food,1,0.167520079,7,1303.918525,4,side,0.05
95,mid,delhi,chinese,0,0.818517724,7,233.9871639,1,drink,0.1063
3632,mid,delhi,italian,1,0.496920125,4,1230.456827,4,side,0.1082
3019,premium,delhi,continental,0,0.491591116,8,404.5777822,4,dessert,0.2566
369,mid,bengaluru,south_indian,1,0.37966162,10,908.5664433,33,side,0.2716
1147,mid,mumbai,continental,0,0.258525039,10,712.997664,24,drink,0.1508
1684,mid,chennai,fast_food,1,0.415471396,11,740.1782473,5,bread,0.1683
1071,premium,bengaluru,arabian,0,0.327870672,4,684.3032291,10,dessert,0.2826
323,budget,chennai,desserts,0,0.500082559,8,723.4871634,5,bread,0.05
2540,budget,hyderabad,fast_food,1,0.437741053,9,624.4587954,4,dip,0.0927
927,premium,bengaluru,italian,1,0.157105858,6,618.6009283,22,drink,0.3393
1050,mid,pune,italian,0,0.126355502,7,390.4040505,2,side,0.2556
2806,premium,chennai,italian,1,0.580849567,5,1321.693001,5,starter,0.231
454,budget,mumbai,north_indian,0,0.288146078,3,395.0906207,3,dip,0.1061
3208,mid,bengaluru,biryani,0,0.434593993,6,881.1984587,6,bread,0.1257
1162,budget,chennai,italian,1,0.676936077,6,157.6375064,34,bread,0.05
3904,premium,pune,continental,1,0.439581772,4,491.3316916,3,starter,0.259
796,budget,bengaluru,north_indian,0,0.690257442,7,769.3586273,2,dip,0.05
856,mid,mumbai,desserts,0,0.273826858,9,416.0149124,3,dip,0.2337
3061,budget,bengaluru,south_indian,0,0.511124706,6,504.2621021,3,side,0.0579
2107,mid,hyderabad,south_indian,0,0.654950102,11,304.1109399,30,side,0.1284
1775,budget,pune,south_indian,0,0.415898248,7,214.5521131,9,side,0.1333
268,premium,chennai,fast_food,0,0.566508316,3,435.6250399,6,dessert,0.357
3364,mid,delhi,continental,0,0.504064795,6,945.7613035,6,drink,0.1402
2875,budget,pune,fast_food,1,0.341215278,8,401.7467293,7,side,0.1152
2702,premium,bengaluru,chinese,0,0.564232307,7,391.0927003,6,dessert,0.2273
1692,budget,chennai,north_indian,1,0.547424151,12,498.8628642,5,bread,0.1521
2889,budget,chennai,arabian,1,0.52150621,7,514.3401947,4,bread,0.086
1493,premium,mumbai,north_indian,0,0.926112153,7,148.011499,30,dessert,0.2076
2619,budget,chennai,chinese,0,0.350452209,5,275.5634885,32,bread,0.0704
492,mid,mumbai,biryani,1,0.527498331,6,131.5629903,2,bread,0.2146
1383,mid,chennai,arabian,1,0.559138839,8,259.9974578,30,drink,0.2115
3450,budget,pune,biryani,0,0.445247539,4,884.7124675,3,bread,0.1073
639,budget,chennai,fast_food,0,0.15750753,3,484.2073591,31,dip,0.1023
2462,budget,mumbai,italian,0,0.301762157,8,614.8002121,6,bread,0.1069
455,budget,bengaluru,italian,0,0.858442721,7,668.4872967,9,bread,0.0806
2419,budget,delhi,arabian,1,0.483248091,6,553.7876728,31,dip,0.0891
1258,budget,pune,continental,1,0.621106518,7,1517.071319,2,side,0.05
223,budget,bengaluru,north_indian,1,0.837898714,5,625.8576961,33,side,0.05
2586,budget,delhi,arabian,0,0.421453791,5,497.7741305,4,side,0.1304
365,budget,hyderabad,continental,0,0.40700271,7,227.5299864,3,bread,0.0917
754,mid,chennai,italian,0,0.674803772,7,1242.902392,8,dip,0.1525
1420,premium,mumbai,fast_food,1,0.376338787,9,187.8589099,4,starter,0.2579
2152,premium,kolkata,continental,0,0.505712053,2,204.623046,28,dessert,0.3096
557,premium,mumbai,north_indian,0,0.207783882,6,303.6377833,3,starter,0.2357
1893,budget,mumbai,north_indian,1,0.66351725,7,863.8734431,6,dip,0.067
2663,premium,delhi,fast_food,1,0.352649604,8,925.0934384,7,dessert,0.2948
1933,budget,hyderabad,arabian,1,0.522290341,5,374.0738643,34,side,0.0677
1055,premium,mumbai,fast_food,0,0.745003759,3,399.5186605,6,dessert,0.194
2899,premium,chennai,north_indian,0,0.547991786,7,168.9369377,7,starter,0.2803
2102,premium,hyderabad,north_indian,0,0.474448071,3,832.041354,43,drink,0.3005
686,budget,pune,italian,0,0.146746477,8,584.4857102,5,bread,0.0655
3042,budget,delhi,arabian,1,0.95,3,320.8430533,23,dip,0.05
1406,budget,bengaluru,continental,0,0.362872437,7,681.0795159,30,side,0.05
3936,mid,chennai,italian,1,0.695370382,10,405.8912597,1,dip,0.1385
1814,mid,delhi,continental,0,0.583282309,2,606.4178115,28,drink,0.1252
3854,premium,hyderabad,continental,0,0.258268409,4,542.3884619,3,dessert,0.3152
757,budget,mumbai,desserts,0,0.542683901,6,654.2325796,34,side,0.05
2075,budget,bengaluru,desserts,1,0.729760259,8,539.7553876,7,bread,0.05
3010,budget,mumbai,biryani,1,0.415685365,6,797.7506159,0,dip,0.0998
3922,mid,bengaluru,fast_food,0,0.95,5,744.1893484,3,drink,0.094
3603,budget,bengaluru,desserts,0,0.508786819,4,993.1305438,3,dip,0.05
278,mid,bengaluru,fast_food,1,0.327707002,11,327.3297786,31,side,0.1988
3501,premium,pune,italian,0,0.501011234,8,833.2158572,4,starter,0.224
3252,budget,mumbai,chinese,0,0.708291938,3,676.001879,3,side,0.0725
1845,mid,hyderabad,italian,0,0.468797509,7,141.2240603,7,bread,0.1063
3566,mid,chennai,desserts,0,0.688138773,6,1316.726592,23,bread,0.1125
282,budget,delhi,north_indian,0,0.57299626,6,388.2810609,4,dip,0.0735
1591,budget,bengaluru,italian,0,0.561091557,4,1068.816216,4,side,0.05
2452,mid,pune,biryani,1,0.788977833,3,819.4956696,6,side,0.0674
2258,premium,mumbai,arabian,1,0.545337379,7,1201.895559,5,drink,0.2818
852,budget,pune,desserts,1,0.392817753,5,1202.179621,25,dip,0.0541
3834,budget,delhi,fast_food,1,0.517103903,7,758.6626033,3,side,0.0503
3542,budget,hyderabad,fast_food,0,0.743940969,4,554.7167896,25,bread,0.0621
1494,mid,pune,south_indian,0,0.457647979,10,620.018501,8,drink,0.2234
669,mid,hyderabad,chinese,1,0.910838393,6,591.1283776,6,dip,0.0851
2862,budget,chennai,arabian,1,0.259493912,5,652.2434596,2,bread,0.088
2074,budget,mumbai,continental,1,0.783568151,6,530.5230496,5,side,0.0657
148,mid,chennai,south_indian,0,0.582661389,4,1179.873656,5,side,0.1241
605,mid,bengaluru,biryani,1,0.560865979,6,452.3609968,37,dip,0.1808
789,premium,chennai,italian,0,0.854160802,5,806.0333439,3,starter,0.2621
1275,budget,bengaluru,desserts,0,0.576154535,8,148.5033664,4,bread,0.129
3184,mid,bengaluru,biryani,1,0.424062706,8,383.821862,3,drink,0.1868
1248,budget,mumbai,biryani,0,0.386372358,9,552.8417046,31,bread,0.0704
417,budget,hyderabad,italian,1,0.150390036,6,387.9590165,27,dip,0.0806
1184,mid,hyderabad,south_indian,0,0.608132318,5,1011.861056,6,side,0.123
2319,budget,bengaluru,arabian,0,0.394920329,5,466.7542408,22,bread,0.0964
89,mid,mumbai,south_indian,0,0.283383741,5,1190.705484,4,bread,0.1733
3494,budget,bengaluru,north_indian,0,0.402045599,9,1031.173556,1,dip,0.0881
157,premium,mumbai,arabian,0,0.758648754,5,436.2040808,3,drink,0.2602
2460,budget,chennai,arabian,0,0.646427432,7,477.485488,28,dip,0.0693
3220,mid,mumbai,south_indian,1,0.688255897,2,419.3161094,9,dip,0.1469
217,budget,bengaluru,arabian,0,0.687956513,7,575.8435626,4,side,0.0604
2275,budget,pune,continental,1,0.32357192,8,882.8233526,7,dip,0.1625
2178,budget,hyderabad,south_indian,0,0.7438312,12,263.0223456,3,side,0.05
1501,budget,delhi,desserts,0,0.889076803,5,128.5269898,28,dip,0.05
1818,budget,mumbai,biryani,0,0.680252619,4,409.4312378,8,bread,0.0804
3084,premium,hyderabad,biryani,0,0.533815988,6,505.6612167,38,starter,0.3075
2398,budget,chennai,north_indian,1,0.568138653,7,666.3191882,2,bread,0.0647
903,budget,kolkata,chinese,1,0.491197713,6,267.4505409,8,bread,0.05
1705,budget,mumbai,continental,1,0.450082626,6,1218.731541,38,bread,0.0972
2967,budget,chennai,south_indian,0,0.151112105,7,651.9327051,5,dip,0.1635
1485,premium,bengaluru,fast_food,1,0.262134841,7,834.0789813,4,drink,0.2789
1391,mid,hyderabad,italian,1,0.307724249,7,692.3467136,31,dip,0.1798
1868,budget,mumbai,italian,1,0.523434736,10,466.9678442,3,bread,0.05
3124,budget,delhi,north_indian,1,0.526941611,9,535.225913,10,dip,0.05
3827,mid,bengaluru,north_indian,0,0.215233244,9,797.0422736,4,bread,0.2421
400,mid,mumbai,south_indian,0,0.592348997,5,391.1526204,7,dip,0.1548
2060,mid,pune,north_indian,0,0.398205872,5,203.1573938,26,side,0.1482
1326,budget,delhi,chinese,1,0.592246769,6,294.1373104,3,dip,0.05
2095,budget,mumbai,continental,0,0.051635585,10,258.2028731,2,bread,0.1117
3168,premium,bengaluru,italian,1,0.505516997,6,628.0825039,6,dessert,0.1367
1351,premium,hyderabad,desserts,1,0.896152823,9,276.1286694,33,starter,0.2006
923,mid,mumbai,chinese,0,0.548128434,9,947.1445905,3,drink,0.1048
2147,mid,mumbai,fast_food,0,0.172903706,5,552.9683036,40,side,0.2244
1419,premium,chennai,chinese,1,0.674568205,6,381.7200011,31,drink,0.223
3203,mid,delhi,arabian,1,0.266089771,12,671.7910554,6,drink,0.3188
2955,budget,mumbai,arabian,1,0.647111863,2,882.505576,2,bread,0.05
2359,mid,hyderabad,biryani,1,0.222837233,6,660.5649297,4,dip,0.2636
261,mid,bengaluru,chinese,0,0.77791135,2,404.7176878,31,side,0.165
3406,budget,hyderabad,continental,0,0.430566462,4,649.221935,5,dip,0.0849
329,mid,hyderabad,italian,0,0.584174913,8,321.3879134,7,dip,0.1481
1161,budget,pune,continental,0,0.544226318,7,456.5798945,8,bread,0.0838
1133,budget,mumbai,biryani,0,0.422989559,4,297.8844506,4,dip,0.0631
64,budget,delhi,italian,1,0.95,6,308.9543578,5,bread,0.05
84,budget,chennai,continental,0,0.385281626,10,524.531203,4,side,0.1324
589,budget,chennai,arabian,1,0.459511138,6,388.3076244,5,side,0.0944
3036,premium,delhi,fast_food,1,0.254938083,4,146.9802877,5,drink,0.3072
519,mid,mumbai,biryani,1,0.279496044,3,597.1705945,21,drink,0.2395
3386,premium,kolkata,chinese,0,0.727636419,5,647.6470288,3,dessert,0.3163
5,premium,bengaluru,chinese,1,0.458747545,6,544.8886731,22,starter,0.3068
1678,budget,chennai,north_indian,0,0.748484548,10,614.01957,45,dip,0.1108
3605,budget,hyderabad,north_indian,1,0.732970066,4,1268.018759,5,dip,0.05
466,mid,mumbai,arabian,0,0.391493276,3,207.8157444,7,side,0.2221
3949,mid,mumbai,south_indian,0,0.383437875,6,546.390945,6,drink,0.1921
1472,mid,mumbai,chinese,0,0.66662355,3,177.1589895,1,drink,0.1716
2841,mid,mumbai,chinese,1,0.603593054,6,560.5860531,4,dip,0.2232
181,mid,chennai,north_indian,1,0.652187012,4,696.594028,25,dip,0.1004
1723,budget,hyderabad,fast_food,0,0.640586194,8,437.3620612,4,bread,0.05
665,premium,hyderabad,continental,0,0.224494808,4,417.5821274,5,dessert,0.3208
2491,budget,mumbai,continental,0,0.530525274,3,216.9549777,3,bread,0.0856
171,premium,kolkata,desserts,0,0.583364508,4,332.2788239,5,drink,0.264
1226,budget,mumbai,south_indian,0,0.250996983,12,250.4821347,5,bread,0.05
235,premium,bengaluru,continental,0,0.364905877,4,477.5499656,31,dessert,0.3136
2192,premium,bengaluru,arabian,1,0.352717105,6,465.1908092,10,dessert,0.2708
2562,mid,mumbai,north_indian,0,0.350709265,6,395.1703272,12,bread,0.1663
1756,mid,hyderabad,fast_food,1,0.378585792,9,326.4454718,8,drink,0.1376
2232,mid,chennai,arabian,1,0.558690799,9,962.0416418,7,bread,0.1785
3171,budget,mumbai,fast_food,0,0.573796118,5,436.884222,4,dip,0.0864
1570,budget,chennai,fast_food,0,0.415689128,8,522.6731437,4,side,0.0642
3933,budget,bengaluru,chinese,1,0.455077336,9,788.780245,7,dip,0.1055
288,budget,bengaluru,desserts,1,0.337549347,1,1282.576023,9,dip,0.0757
3298,mid,pune,south_indian,0,0.444480025,9,315.3087683,3,dip,0.1102
35,budget,bengaluru,fast_food,1,0.868673969,2,298.4063649,3,side,0.05
1838,budget,delhi,desserts,0,0.396479791,6,932.1163348,31,dip,0.098
1918,mid,hyderabad,arabian,0,0.479297034,7,801.7519986,5,side,0.1796
3147,mid,bengaluru,chinese,0,0.15014987,9,514.2200274,4,dip,0.171
2706,premium,chennai,north_indian,0,0.342136601,6,254.2266576,31,drink,0.2748
3994,budget,bengaluru,fast_food,1,0.856984045,2,141.590419,2,dip,0.05
857,budget,mumbai,south_indian,1,0.717984775,8,948.5347659,27,dip,0.0528
1517,budget,bengaluru,chinese,1,0.394249664,4,782.6470559,32,dip,0.0813
262,budget,pune,biryani,1,0.495056785,7,539.4624687,4,bread,0.0963
3549,mid,delhi,arabian,1,0.356677866,5,446.8901093,28,side,0.2172
3644,mid,hyderabad,continental,1,0.790046531,4,753.2319871,5,drink,0.1649
3758,mid,hyderabad,north_indian,0,0.305984669,7,1333.964547,36,dip,0.2111
3847,budget,bengaluru,fast_food,1,0.798035162,8,472.1958086,4,side,0.05
292,premium,hyderabad,continental,0,0.709859819,5,214.3208243,36,starter,0.2518
470,budget,chennai,continental,0,0.37286054,6,1076.219669,3,bread,0.1809
2091,mid,mumbai,north_indian,0,0.705305443,7,507.4959877,41,side,0.1266
3562,mid,kolkata,north_indian,0,0.826348007,9,488.2720665,33,bread,0.0751
3382,premium,delhi,continental,1,0.325086921,14,755.04979,35,starter,0.2818
1833,budget,delhi,chinese,0,0.413829545,5,482.2476791,5,bread,0.11
3574,mid,bengaluru,italian,0,0.570732864,5,1553.441575,4,side,0.1757
2894,mid,bengaluru,continental,1,0.534985901,8,603.371205,32,dip,0.1913
1245,mid,bengaluru,arabian,0,0.436101946,8,582.8390681,8,side,0.2069
681,mid,hyderabad,south_indian,1,0.607718593,6,514.4020601,5,bread,0.198
3034,mid,mumbai,fast_food,1,0.415092004,5,460.6023835,24,dip,0.2278
1377,budget,hyderabad,biryani,0,0.408110607,4,769.1494239,26,bread,0.0848
3590,budget,hyderabad,north_indian,1,0.493137932,8,414.7353603,26,bread,0.0859
2553,budget,kolkata,arabian,0,0.878901448,5,487.1642072,24,bread,0.05
834,premium,mumbai,biryani,0,0.625159687,5,179.2058784,5,starter,0.2567
3897,mid,pune,arabian,0,0.62489548,4,359.7539996,4,side,0.0989
1058,budget,delhi,south_indian,1,0.224016698,7,961.0303731,6,dip,0.0916
3576,mid,delhi,italian,0,0.40494362,8,474.3551344,34,dip,0.1702
2951,mid,bengaluru,chinese,0,0.603342268,7,486.8808286,28,bread,0.1515
3535,premium,delhi,arabian,1,0.503059661,10,113.685419,25,starter,0.2518
2636,mid,chennai,chinese,0,0.389474247,6,295.1665647,7,dip,0.1526
2660,budget,hyderabad,italian,1,0.676947019,6,860.8957644,23,bread,0.0776
3138,mid,kolkata,fast_food,0,0.506815947,5,264.4457164,25,side,0.1459
1127,premium,bengaluru,chinese,0,0.182669961,4,341.9386104,8,dessert,0.3094
3534,budget,hyderabad,chinese,0,0.384890241,6,491.4551877,4,dip,0.05
1428,premium,kolkata,fast_food,1,0.492772237,6,1495.728106,29,drink,0.2935
251,mid,mumbai,north_indian,1,0.518588019,2,1426.66861,32,side,0.1814
1197,budget,pune,desserts,0,0.05,7,269.1999251,8,side,0.0996
2402,mid,mumbai,chinese,0,0.682838352,5,635.0630227,35,side,0.2075
3336,budget,hyderabad,south_indian,1,0.785185871,3,929.9111267,5,side,0.1052
3351,mid,hyderabad,chinese,0,0.768368262,5,523.2799443,4,dip,0.0999
2670,mid,bengaluru,arabian,0,0.468595418,4,269.748645,6,dip,0.1446
1062,budget,hyderabad,fast_food,1,0.362130951,4,611.9675545,8,side,0.05
3089,mid,bengaluru,arabian,0,0.659597559,8,951.3805158,28,bread,0.1413
346,budget,delhi,north_indian,0,0.319926377,8,384.440647,24,dip,0.1182
3065,mid,hyderabad,chinese,1,0.41430814,6,851.8959742,4,side,0.1314
829,budget,mumbai,biryani,1,0.407670429,9,994.2903582,1,dip,0.1003
1834,mid,bengaluru,fast_food,1,0.243729961,5,347.16402,10,bread,0.1963
3015,mid,mumbai,continental,0,0.463339037,6,346.8243146,5,side,0.1624
2417,mid,delhi,italian,0,0.630709871,8,681.2514703,8,side,0.1372
3947,budget,pune,continental,1,0.538690828,8,211.8592305,5,bread,0.05
3559,mid,bengaluru,italian,0,0.578981506,8,315.2637182,5,dip,0.1244
1353,mid,mumbai,arabian,0,0.458051648,5,309.0009348,3,bread,0.1818
298,budget,bengaluru,italian,1,0.591197119,4,657.6599366,34,dip,0.05
677,mid,delhi,continental,0,0.475519024,14,369.287683,3,dip,0.1376
784,premium,bengaluru,continental,1,0.648723899,4,1282.22509,34,drink,0.3049
3118,mid,kolkata,arabian,1,0.880791624,5,861.0583383,6,bread,0.1823
2404,mid,mumbai,biryani,0,0.445876936,6,1124.640002,38,drink,0.1631
3575,premium,mumbai,chinese,1,0.408336862,6,189.5225802,3,starter,0.3176
1247,budget,delhi,italian,0,0.261501421,3,692.6984401,2,side,0.1913
1876,budget,bengaluru,biryani,0,0.501069294,3,1592.925651,3,side,0.1115
1584,mid,bengaluru,desserts,0,0.369485939,1,301.9429714,5,bread,0.211
1606,mid,kolkata,arabian,1,0.904655744,8,686.9513461,29,bread,0.119
2409,budget,mumbai,arabian,1,0.511130546,5,336.8141548,27,dip,0.1232
3297,mid,bengaluru,fast_food,1,0.905501517,5,505.182229,5,dip,0.2189
986,mid,hyderabad,desserts,0,0.388726682,6,326.6113751,7,side,0.1387
2882,mid,mumbai,desserts,0,0.714769716,7,625.4837517,3,bread,0.1211
843,mid,kolkata,north_indian,0,0.331542832,3,164.682082,1,drink,0.2272
2375,budget,mumbai,italian,1,0.079319247,10,1403.85386,8,dip,0.0787
2012,budget,hyderabad,arabian,1,0.347265281,8,754.5063401,5,bread,0.1391
1348,mid,mumbai,desserts,0,0.404955504,11,130.9977928,6,side,0.112
1621,mid,mumbai,biryani,1,0.198579133,9,522.8795556,2,dip,0.21
2179,mid,hyderabad,north_indian,0,0.711074308,8,725.3914895,33,side,0.1598
266,budget,hyderabad,fast_food,1,0.452378159,3,1102.272184,9,side,0.182
3895,premium,delhi,biryani,0,0.2527506,5,270.176462,4,drink,0.2686
355,mid,pune,biryani,0,0.703638053,2,206.721578,1,bread,0.1159
1612,premium,mumbai,fast_food,0,0.423447164,5,839.973967,25,dessert,0.2864
1262,budget,bengaluru,biryani,0,0.357770335,7,276.2344091,5,dip,0.078
440,budget,delhi,fast_food,1,0.437539069,5,789.701689,40,side,0.1338
1112,budget,bengaluru,biryani,0,0.59111321,6,397.5016075,8,side,0.05
2692,budget,hyderabad,south_indian,0,0.410747017,4,433.0161104,30,side,0.1215
2932,budget,mumbai,arabian,0,0.292762281,5,806.1195001,4,side,0.1031
1738,premium,bengaluru,fast_food,0,0.436538644,7,549.3433739,3,starter,0.2692
1890,budget,bengaluru,continental,0,0.787643461,7,1347.70935,5,bread,0.05
3957,mid,mumbai,chinese,1,0.863411161,6,417.3377434,40,dip,0.1184
3340,budget,hyderabad,biryani,0,0.456626809,5,131.0051069,5,side,0.0626
653,mid,bengaluru,chinese,0,0.442992613,5,517.9297091,6,drink,0.1487
3163,premium,hyderabad,desserts,1,0.486344845,3,612.6921021,3,dessert,0.2847
3877,budget,mumbai,chinese,0,0.459308799,8,622.4201099,41,bread,0.1013
150,mid,chennai,chinese,0,0.668725988,8,548.9101367,32,bread,0.0906
1588,budget,kolkata,south_indian,0,0.622249551,10,649.7278166,5,dip,0.0616
961,premium,mumbai,continental,0,0.95,4,363.9336385,11,dessert,0.2317
1857,mid,mumbai,south_indian,0,0.56838081,6,887.362535,3,side,0.1801
994,budget,mumbai,italian,0,0.153147238,13,395.5427822,32,side,0.083
3954,premium,delhi,chinese,1,0.294705197,4,858.3005621,2,dessert,0.2592
3714,premium,mumbai,biryani,0,0.447237929,2,805.303547,31,drink,0.2863
1784,budget,hyderabad,fast_food,0,0.325435218,7,1679.024122,4,side,0.138
2388,premium,mumbai,italian,1,0.836747606,9,632.5344997,7,drink,0.2329
977,premium,mumbai,italian,1,0.353819935,6,289.1272893,7,drink,0.2782
300,budget,delhi,south_indian,1,0.599620606,3,761.087962,23,side,0.0763
722,budget,mumbai,italian,1,0.450209672,4,1298.054979,6,dip,0.067
1068,budget,delhi,arabian,1,0.902436278,5,781.3815679,2,bread,0.05
2522,budget,bengaluru,fast_food,0,0.376671262,5,492.3337172,2,bread,0.1263
3094,mid,hyderabad,fast_food,1,0.284145456,7,643.5573121,4,bread,0.1861
3279,mid,pune,north_indian,1,0.340463509,3,464.4150987,2,drink,0.1515
3385,premium,pune,north_indian,1,0.411688012,6,570.8596893,7,dessert,0.3047
3411,premium,pune,arabian,0,0.381009097,4,333.4420208,9,starter,0.3545
335,mid,pune,arabian,1,0.95,5,606.2725727,1,drink,0.095
3280,budget,bengaluru,chinese,1,0.469541394,3,321.1541924,6,bread,0.0855
281,budget,mumbai,italian,1,0.321504156,8,331.0258378,3,side,0.05
1810,premium,mumbai,biryani,1,0.389893428,9,431.7001411,3,drink,0.2605
3780,mid,mumbai,italian,0,0.590088911,6,170.6587192,5,side,0.1337
641,premium,kolkata,biryani,1,0.373964751,4,289.2655557,25,starter,0.2755
3301,mid,pune,fast_food,0,0.382810497,2,691.4975707,2,side,0.1789
287,mid,mumbai,fast_food,0,0.168896055,2,614.2758797,4,dip,0.2357
3421,mid,pune,chinese,1,0.496695941,12,245.4077909,4,dip,0.168
1229,premium,mumbai,italian,0,0.519881163,5,1004.153022,5,dessert,0.2454
818,budget,bengaluru,fast_food,0,0.798783386,3,295.7930646,4,side,0.05
1589,budget,delhi,north_indian,1,0.692066344,6,559.7472836,3,dip,0.0934
3192,mid,mumbai,biryani,1,0.527476653,7,288.5391545,3,drink,0.2013
2651,mid,hyderabad,north_indian,0,0.622804652,4,766.5737951,3,drink,0.1665
2053,premium,hyderabad,south_indian,1,0.816560483,3,582.5603842,24,starter,0.231
388,mid,mumbai,chinese,0,0.478437558,3,381.1508247,5,bread,0.1623
202,mid,delhi,arabian,0,0.65335564,4,499.7099694,2,drink,0.1408
794,mid,mumbai,italian,0,0.461032737,7,252.7242958,2,side,0.1376
2249,mid,bengaluru,italian,0,0.164660689,4,724.6863781,4,bread,0.1602
135,mid,delhi,south_indian,0,0.52852209,6,489.3196329,2,dip,0.1618
515,budget,mumbai,south_indian,0,0.500542558,6,418.2281873,2,side,0.0924
3506,budget,pune,south_indian,1,0.416546931,4,628.6307741,4,bread,0.1752
1886,premium,bengaluru,continental,1,0.38189612,6,361.0005256,6,drink,0.2446
1461,mid,bengaluru,arabian,1,0.51063618,4,567.1959889,5,side,0.1305
3122,budget,mumbai,fast_food,0,0.513782938,5,183.7714682,4,side,0.0799
2919,budget,mumbai,arabian,1,0.95,4,258.1121708,7,bread,0.05
2746,mid,hyderabad,north_indian,0,0.660712884,7,292.4527887,7,side,0.1951
1976,budget,bengaluru,north_indian,0,0.389219333,3,514.2782491,6,dip,0.0721
3906,mid,hyderabad,fast_food,0,0.286272273,5,298.3100577,38,dip,0.1149
2343,budget,pune,chinese,0,0.412198796,6,331.3919888,7,bread,0.1079
119,mid,mumbai,desserts,0,0.673559121,4,357.1088099,9,bread,0.19
337,budget,bengaluru,italian,1,0.718581993,4,470.1317954,4,dip,0.0634
1221,mid,bengaluru,continental,1,0.590366713,9,570.2141015,13,bread,0.0706
2007,mid,delhi,fast_food,0,0.528283397,4,688.659184,4,bread,0.1144
751,mid,bengaluru,italian,1,0.451293028,2,331.1268893,3,dip,0.1317
3997,mid,delhi,north_indian,0,0.640482546,12,1109.404425,8,side,0.1694
2858,mid,bengaluru,continental,1,0.419179304,4,422.5847231,7,side,0.2
2501,mid,bengaluru,south_indian,1,0.654544654,3,653.7603823,7,bread,0.1576
3656,budget,bengaluru,chinese,0,0.643327642,8,457.6823005,4,dip,0.05
303,mid,bengaluru,chinese,0,0.230565681,5,1445.646521,6,dip,0.1798
2539,mid,pune,arabian,0,0.717282215,4,540.0523328,3,dip,0.2019
3334,budget,delhi,continental,0,0.501852634,5,730.2905089,3,side,0.0875
3062,mid,chennai,continental,0,0.435102576,5,866.3358351,1,drink,0.2025
3304,budget,bengaluru,chinese,1,0.344604333,5,647.5074927,5,side,0.1212
126,mid,delhi,fast_food,1,0.65787225,6,1558.135311,6,dip,0.1603
3200,budget,pune,biryani,0,0.926553176,4,671.0868818,32,side,0.0581
1941,budget,bengaluru,north_indian,1,0.381635091,8,819.2366763,7,dip,0.0882
2393,mid,mumbai,continental,1,0.298022978,4,592.0645949,2,dip,0.1444
1936,mid,chennai,arabian,0,0.447781537,8,441.2896729,4,side,0.2073
1323,mid,bengaluru,italian,1,0.511873282,10,628.5942013,33,drink,0.1954
983,budget,hyderabad,fast_food,1,0.334185477,11,491.9306936,3,bread,0.0797
1541,budget,mumbai,biryani,1,0.701515257,7,812.219398,3,side,0.0977
1209,mid,hyderabad,south_indian,1,0.226499827,6,308.2744327,6,side,0.2102
347,mid,chennai,south_indian,0,0.745566814,6,259.8661909,1,dip,0.2028
432,budget,hyderabad,italian,1,0.229248189,7,490.8604068,3,bread,0.2008
2427,budget,hyderabad,desserts,1,0.230800988,5,130.6238191,6,bread,0.0783
1854,mid,hyderabad,chinese,1,0.59306124,5,883.0570374,27,dip,0.1768
847,budget,hyderabad,desserts,0,0.571660245,10,680.0741408,5,dip,0.0893
2880,premium,delhi,continental,1,0.149090565,10,715.1573722,7,dessert,0.3849
1562,budget,hyderabad,south_indian,1,0.374719737,8,843.6305089,34,side,0.05
590,budget,chennai,north_indian,1,0.632120895,12,334.5955304,27,side,0.0622
3876,mid,mumbai,biryani,1,0.328481532,8,823.924241,7,bread,0.172
2339,budget,pune,south_indian,0,0.552410442,6,262.2852205,3,bread,0.0884
3538,budget,hyderabad,south_indian,1,0.512938264,7,588.0793186,6,dip,0.0746
2603,mid,pune,continental,1,0.573178339,5,478.9849369,39,dip,0.1801
106,premium,kolkata,chinese,0,0.387496401,8,570.9458457,6,starter,0.2983
897,budget,bengaluru,arabian,1,0.332236619,10,279.6341129,3,dip,0.05
1533,mid,kolkata,biryani,1,0.421779853,9,422.6434608,6,side,0.1249
1568,mid,hyderabad,desserts,0,0.206068957,6,694.4947026,6,dip,0.1821
389,budget,hyderabad,biryani,0,0.475738281,5,778.6319592,31,dip,0.1126
2758,budget,hyderabad,biryani,1,0.080579015,8,790.3034971,5,dip,0.1316
3596,budget,bengaluru,fast_food,1,0.223246039,9,416.8030141,23,side,0.108
1785,mid,mumbai,desserts,0,0.199880301,9,360.5902312,33,bread,0.193
373,mid,bengaluru,italian,0,0.753564444,7,781.4863914,0,bread,0.0672
2445,premium,hyderabad,south_indian,0,0.690839573,4,489.1150154,6,dessert,0.1952
3153,budget,mumbai,north_indian,0,0.552110587,2,205.1486353,4,side,0.05
91,budget,hyderabad,continental,1,0.840219628,6,1073.738347,4,dip,0.1053
1138,budget,mumbai,fast_food,1,0.457202937,6,857.4115885,4,side,0.097
3120,mid,hyderabad,chinese,1,0.1388053,7,497.3014808,7,bread,0.1924
2707,budget,mumbai,desserts,0,0.447408972,2,227.1849271,3,bread,0.0747
672,mid,pune,desserts,0,0.517526518,3,804.4366242,23,side,0.1644
1448,budget,pune,italian,0,0.363719843,3,705.699992,6,side,0.0799
1186,mid,hyderabad,italian,1,0.298268667,9,816.0543748,5,dip,0.1312
2739,mid,hyderabad,fast_food,1,0.659051204,4,384.9911423,6,side,0.1172
